,REF_AREA,TIME_PERIOD,INDICATOR,OBS_VALUE
0,SRB,2012,ECON_SOC_PRO_EXP_PTGDP,16.5472026
1,SRB,2012,ECON_SOC_PRO_EXP_PTEXP,37.52324156
2,SYR,2012,ECON_GVT_HLTH_EXP_PTGDP,1.61476469
3,SYR,2012,ECON_GVT_HLTH_EXP_PTEXP,4.47145319
4,TKM,2012,ECON_GVT_EDU_EXP_PTGDP,3.049249887
5,TLS,2012,ECON_SOC_PRO_EXP_PTEXP,11.0199571
6,TLS,2012,ECON_SOC_PRO_EXP_PTGDP,13.98334936
7,TON,2012,ECON_GVT_EXP_PTGDP,18.9309203
8,TUN,2012,ECON_GVT_REV_PTGDP,31.37984263
9,YEM,2012,ECON_SOC_PRO_EXP_PTEXP,20.33966292
10,YEM,2012,ECON_SOC_PRO_EXP_PTGDP,7.058070231
11,CUW,2013,ECON_GVT_EDU_EXP_PTGDP,4.930950165
12,FJI,2013,ECON_GVT_EDU_EXP_PTEXP,14.30039024
13,FJI,2013,ECON_GVT_EDU_EXP_PTGDP,3.882889986
14,GNB,2013,ECON_GVT_EDU_EXP_PTEXP,16.19137955
15,GNB,2013,ECON_GVT_EDU_EXP_PTGDP,2.13248992
16,IND,2013,ECON_GVT_EDU_EXP_PTEXP,14.05018044
17,IND,2013,ECON_GVT_EDU_EXP_PTGDP,3.844670057
18,KNA,2013,ECON_ODA_INFLOW_PTGNI,3.641751877
19,KNA,2013,ECON_ODA_INFLOW_USD,30.04999924
20,LBN,2013,ECON_GVT_EDU_EXP_PTGDP,2.432450056
21,LBN,2013,ECON_GVT_EDU_EXP_PTEXP,8.575519562
22,OMN,2013,ECON_GVT_EDU_EXP_PTEXP,11.08018017
23,OMN,2013,ECON_GVT_EDU_EXP_PTGDP,4.97010994
24,SGP,2013,ECON_GVT_EDU_EXP_PTGDP,2.85435009
25,SGP,2013,ECON_GVT_EDU_EXP_PTEXP,28.83914948
26,THA,2013,ECON_GVT_EDU_EXP_PTEXP,19.12593079
27,THA,2013,ECON_GVT_EDU_EXP_PTGDP,4.1240201
28,WSM,2013,ECON_GVT_REV_PTGDP,28.96229669
29,CUW,2014,ECON_GVT_EXP_PTGDP,15.63089564
30,GAB,2014,ECON_GVT_EDU_EXP_PTEXP,11.22548962
31,GAB,2014,ECON_GVT_EDU_EXP_PTGDP,2.666670084
32,LAO,2014,ECON_GVT_EDU_EXP_PTEXP,11.75734997
33,LAO,2014,ECON_GVT_EDU_EXP_PTGDP,2.937809944
34,PRI,2014,ECON_GVT_EDU_EXP_PTGDP,6.072659969
35,SWZ,2014,ECON_GVT_EDU_EXP_PTEXP,24.79544067
36,SWZ,2014,ECON_GVT_EDU_EXP_PTGDP,7.070320129
37,USA,2014,ECON_GVT_EDU_EXP_PTGDP,4.961740017
38,VEN,2014,ECON_ODA_INFLOW_PTGNI,0.009043183
39,VEN,2014,ECON_GVT_EXP_PTGDP,14.60335378
40,VUT,2014,ECON_GVT_EXP_PTGDP,14.93003325
41,COM,2015,ECON_GVT_EDU_EXP_PTEXP,13.25364971
42,COM,2015,ECON_GVT_EDU_EXP_PTGDP,2.545059919
43,ECU,2015,ECON_GVT_EDU_EXP_PTEXP,12.59764957
44,ECU,2015,ECON_GVT_EDU_EXP_PTGDP,4.998700142
45,EGY,2015,ECON_GVT_REV_PTGDP,20.98862474
46,EGY,2015,ECON_SOC_PRO_EXP_PTEXP,29
47,EGY,2015,ECON_SOC_PRO_EXP_PTGDP,9.4995499
48,ETH,2015,ECON_GVT_EDU_EXP_PTEXP,27.09870911
49,ETH,2015,ECON_GVT_EDU_EXP_PTGDP,4.737919807
50,FSM,2015,ECON_GVT_EDU_EXP_PTGDP,12.40791988
51,FSM,2015,ECON_GVT_EDU_EXP_PTEXP,22.31238937
52,HND,2015,ECON_GVT_REV_PTGDP,23.36315517
53,IDN,2015,ECON_GVT_EDU_EXP_PTEXP,20.50329971
54,IDN,2015,ECON_GVT_EDU_EXP_PTGDP,3.583600044
55,KNA,2015,ECON_GVT_EDU_EXP_PTGDP,2.643460035
56,KNA,2015,ECON_GVT_EDU_EXP_PTEXP,8.635499954
57,SSD,2015,ECON_ODA_INFLOW_PTGNI,15.91619944
58,SSD,2015,ECON_GVT_EXP_PTGDP,7.329147349
59,TJK,2015,ECON_GVT_EDU_EXP_PTEXP,16.39336014
60,TJK,2015,ECON_GVT_EDU_EXP_PTGDP,5.231389999
61,TUN,2015,ECON_GVT_EDU_EXP_PTEXP,22.62495041
62,TUN,2015,ECON_GVT_EDU_EXP_PTGDP,6.596010208
63,YEM,2015,ECON_GVT_HLTH_EXP_PTGDP,0.49715802
64,YEM,2015,ECON_GVT_HLTH_EXP_PTEXP,2.22872186
65,ABW,2016,ECON_GVT_EDU_EXP_PTEXP,21.36655045
66,ABW,2016,ECON_GVT_EDU_EXP_PTGDP,5.524149895
67,AUS,2016,ECON_ODA_OUTFLOW_PTGNI,0.266
68,AUS,2016,ECON_ODA_OUTFLOW_USD,3277.52
69,AUT,2016,ECON_ODA_OUTFLOW_PTGNI,0.424
70,AUT,2016,ECON_ODA_OUTFLOW_USD,1635.48
71,BEL,2016,ECON_ODA_OUTFLOW_PTGNI,0.483
72,BEL,2016,ECON_ODA_OUTFLOW_USD,2300.16
73,BGD,2016,ECON_GVT_REV_PTGDP,10.20957272
74,BRB,2016,ECON_GVT_REV_PTGDP,29.63869047
75,BRN,2016,ECON_GVT_EDU_EXP_PTEXP,11.44194984
76,BRN,2016,ECON_GVT_EDU_EXP_PTGDP,4.425409794
77,CAN,2016,ECON_ODA_OUTFLOW_PTGNI,0.261
78,CAN,2016,ECON_ODA_OUTFLOW_USD,3930.44
79,CHE,2016,ECON_ODA_OUTFLOW_PTGNI,0.531
80,CHE,2016,ECON_ODA_OUTFLOW_USD,3582.49
81,CUB,2016,ECON_ODA_INFLOW_PTGNI,2.995038194
82,CZE,2016,ECON_ODA_OUTFLOW_PTGNI,0.142
83,CZE,2016,ECON_ODA_OUTFLOW_USD,260.24
84,DEU,2016,ECON_ODA_OUTFLOW_PTGNI,0.699
85,DEU,2016,ECON_ODA_OUTFLOW_USD,24735.7
86,DNK,2016,ECON_ODA_OUTFLOW_PTGNI,0.752
87,DNK,2016,ECON_ODA_OUTFLOW_USD,2369.19
88,ESP,2016,ECON_ODA_OUTFLOW_PTGNI,0.347
89,ESP,2016,ECON_ODA_OUTFLOW_USD,4277.57
90,FIN,2016,ECON_ODA_OUTFLOW_PTGNI,0.44
91,FIN,2016,ECON_ODA_OUTFLOW_USD,1059.61
92,FRA,2016,ECON_ODA_OUTFLOW_PTGNI,0.384
93,FRA,2016,ECON_ODA_OUTFLOW_USD,9621.67
94,GBR,2016,ECON_ODA_OUTFLOW_PTGNI,0.7
95,GBR,2016,ECON_ODA_OUTFLOW_USD,18052.8
96,GRC,2016,ECON_ODA_OUTFLOW_PTGNI,0.189
97,GRC,2016,ECON_ODA_OUTFLOW_USD,368.53
98,HUN,2016,ECON_ODA_OUTFLOW_PTGNI,0.166
99,HUN,2016,ECON_ODA_OUTFLOW_USD,199.12
100,IRL,2016,ECON_ODA_OUTFLOW_PTGNI,0.319
101,IRL,2016,ECON_ODA_OUTFLOW_USD,802.59
102,ISL,2016,ECON_ODA_OUTFLOW_PTGNI,0.284
103,ISL,2016,ECON_ODA_OUTFLOW_USD,58.72
104,ITA,2016,ECON_ODA_OUTFLOW_PTGNI,0.275
105,ITA,2016,ECON_ODA_OUTFLOW_USD,5087.39
106,JPN,2016,ECON_ODA_OUTFLOW_PTGNI,0.204
107,JPN,2016,ECON_ODA_OUTFLOW_USD,10416.8
108,KOR,2016,ECON_ODA_OUTFLOW_PTGNI,0.159
109,KOR,2016,ECON_ODA_OUTFLOW_USD,2246.16
110,KOR,2016,ECON_GVT_EDU_EXP_PTGDP,4.333099842
111,LAO,2016,ECON_GVT_EXP_PTGDP,13.97094291
112,LUX,2016,ECON_ODA_OUTFLOW_PTGNI,1.001
113,LUX,2016,ECON_ODA_OUTFLOW_USD,391.04
114,MDV,2016,ECON_GVT_EDU_EXP_PTEXP,11.28151035
115,MDV,2016,ECON_GVT_EDU_EXP_PTGDP,4.099709988
116,NIC,2016,ECON_GVT_EDU_EXP_PTEXP,17.91958046
117,NLD,2016,ECON_ODA_OUTFLOW_PTGNI,0.649
118,NLD,2016,ECON_ODA_OUTFLOW_USD,4966.26
119,NOR,2016,ECON_ODA_OUTFLOW_PTGNI,1.122
120,NOR,2016,ECON_ODA_OUTFLOW_USD,4380.08
121,NZL,2016,ECON_ODA_OUTFLOW_PTGNI,0.25
122,NZL,2016,ECON_ODA_OUTFLOW_USD,438.09
123,POL,2016,ECON_ODA_OUTFLOW_PTGNI,0.147
124,POL,2016,ECON_ODA_OUTFLOW_USD,662.95
125,PRT,2016,ECON_ODA_OUTFLOW_PTGNI,0.171
126,PRT,2016,ECON_ODA_OUTFLOW_USD,343.07
127,PRY,2016,ECON_GVT_EDU_EXP_PTEXP,18.15431976
128,PRY,2016,ECON_GVT_EDU_EXP_PTGDP,3.438339949
129,SDN,2016,ECON_GVT_REV_PTGDP,9.452271728
130,SSD,2016,ECON_GVT_EDU_EXP_PTGDP,1.543900013
131,SVK,2016,ECON_ODA_OUTFLOW_PTGNI,0.121
132,SVK,2016,ECON_ODA_OUTFLOW_USD,106.01
133,SVN,2016,ECON_ODA_OUTFLOW_PTGNI,0.187
134,SVN,2016,ECON_ODA_OUTFLOW_USD,81.3
135,SWE,2016,ECON_ODA_OUTFLOW_PTGNI,0.941
136,SWE,2016,ECON_ODA_OUTFLOW_USD,4893.74
137,SYC,2016,ECON_GVT_EDU_EXP_PTEXP,11.72342968
138,SYC,2016,ECON_GVT_EDU_EXP_PTGDP,4.421020031
139,THA,2016,ECON_ODA_OUTFLOW_PTGNI,0.046
140,THA,2016,ECON_ODA_OUTFLOW_USD,167.69
141,TUR,2016,ECON_ODA_OUTFLOW_PTGNI,0.755
142,TUR,2016,ECON_ODA_OUTFLOW_USD,6487.68
143,USA,2016,ECON_ODA_OUTFLOW_PTGNI,0.186
144,USA,2016,ECON_ODA_OUTFLOW_USD,34411.6
145,WSM,2016,ECON_GVT_EDU_EXP_PTEXP,10.47922039
146,WSM,2016,ECON_GVT_EDU_EXP_PTGDP,4.162220001
147,ABW,2017,ECON_GVT_EXP_PTGDP,16.68799123
148,AFG,2017,ECON_SOC_PRO_EXP_PTGDP,1.844513542
149,AFG,2017,ECON_GVT_REV_PTGDP,13.03926222
150,AFG,2017,ECON_GVT_EDU_EXP_PTEXP,15.66137981
151,AFG,2017,ECON_GVT_EDU_EXP_PTGDP,4.058869839
152,AFG,2017,ECON_SOC_PRO_EXP_PTEXP,4.106547
153,AGO,2017,ECON_GVT_REV_PTGDP,16.36059135
154,ALB,2017,ECON_GVT_EDU_EXP_PTEXP,12.39080048
155,ALB,2017,ECON_GVT_EDU_EXP_PTGDP,3.611720085
156,ARG,2017,ECON_GVT_EDU_EXP_PTEXP,13.26391983
157,ARG,2017,ECON_GVT_EDU_EXP_PTGDP,5.462230206
158,ARM,2017,ECON_GVT_EDU_EXP_PTEXP,10.40312958
159,ARM,2017,ECON_GVT_EDU_EXP_PTGDP,2.707590103
160,AUS,2017,ECON_GVT_EDU_EXP_PTEXP,13.61341
161,AUS,2017,ECON_GVT_EDU_EXP_PTGDP,5.124249935
162,AUT,2017,ECON_GVT_EDU_EXP_PTEXP,10.95016003
163,AUT,2017,ECON_GVT_EDU_EXP_PTGDP,5.358039856
164,BEL,2017,ECON_GVT_EDU_EXP_PTEXP,12.49032974
165,BEL,2017,ECON_GVT_EDU_EXP_PTGDP,6.412280083
166,BGR,2017,ECON_GVT_EDU_EXP_PTEXP,12.73095036
167,BGR,2017,ECON_GVT_EDU_EXP_PTGDP,4.09250021
168,BHR,2017,ECON_GVT_EDU_EXP_PTGDP,2.327810049
169,BHR,2017,ECON_GVT_EDU_EXP_PTEXP,7.180349827
170,BLR,2017,ECON_GVT_EDU_EXP_PTEXP,12.28168964
171,BLR,2017,ECON_GVT_EDU_EXP_PTGDP,4.794990063
172,BLZ,2017,ECON_GVT_REV_PTGDP,29.37359521
173,BMU,2017,ECON_GVT_EDU_EXP_PTGDP,1.500390053
174,BMU,2017,ECON_GVT_EDU_EXP_PTEXP,7.773469925
175,BRA,2017,ECON_GVT_EDU_EXP_PTEXP,16.51235962
176,BRA,2017,ECON_GVT_EDU_EXP_PTGDP,6.32254982
177,BRB,2017,ECON_GVT_EDU_EXP_PTEXP,12.87915039
178,BRB,2017,ECON_GVT_EDU_EXP_PTGDP,4.366380215
179,CHE,2017,ECON_GVT_EDU_EXP_PTEXP,15.5774498
180,CHE,2017,ECON_GVT_EDU_EXP_PTGDP,5.130189896
181,CHL,2017,ECON_ODA_INFLOW_PTGNI,0.026473398
182,CHL,2017,ECON_GVT_EDU_EXP_PTEXP,21.31155014
183,CHL,2017,ECON_GVT_EDU_EXP_PTGDP,5.41945982
184,CHL,2017,ECON_ODA_INFLOW_USD,70.30999756
185,COD,2017,ECON_GVT_EDU_EXP_PTGDP,1.454949975
186,COD,2017,ECON_GVT_EDU_EXP_PTEXP,14.00642014
187,CPV,2017,ECON_GVT_EDU_EXP_PTEXP,16.41258049
188,CPV,2017,ECON_GVT_REV_PTGDP,28.79389679
189,CPV,2017,ECON_GVT_EDU_EXP_PTGDP,5.181749821
190,CYP,2017,ECON_GVT_EDU_EXP_PTEXP,15.87238979
191,CYP,2017,ECON_GVT_EDU_EXP_PTGDP,5.777190208
192,CZE,2017,ECON_GVT_EDU_EXP_PTGDP,3.854020119
193,CZE,2017,ECON_GVT_EDU_EXP_PTEXP,9.89634037
194,DEU,2017,ECON_GVT_EDU_EXP_PTEXP,11.0426302
195,DEU,2017,ECON_GVT_EDU_EXP_PTGDP,4.905119896
196,DNK,2017,ECON_GVT_EDU_EXP_PTEXP,15.25761986
197,DNK,2017,ECON_GVT_EDU_EXP_PTGDP,7.816080093
198,ESP,2017,ECON_GVT_EDU_EXP_PTEXP,10.22509003
199,ESP,2017,ECON_GVT_EDU_EXP_PTGDP,4.20773983
200,EST,2017,ECON_GVT_EDU_EXP_PTEXP,12.75030041
201,EST,2017,ECON_GVT_EDU_EXP_PTGDP,4.973380089
202,FIN,2017,ECON_GVT_EDU_EXP_PTEXP,11.86886024
203,FIN,2017,ECON_GVT_EDU_EXP_PTGDP,6.376210213
204,FRA,2017,ECON_GVT_EDU_EXP_PTGDP,5.451600075
205,FRA,2017,ECON_GVT_EDU_EXP_PTEXP,9.678580284
206,GBR,2017,ECON_GVT_EDU_EXP_PTEXP,14.19027996
207,GBR,2017,ECON_GVT_EDU_EXP_PTGDP,5.442090034
208,GRD,2017,ECON_GVT_EDU_EXP_PTEXP,14.04117012
209,GRD,2017,ECON_GVT_EDU_EXP_PTGDP,3.173799992
210,HRV,2017,ECON_GVT_EDU_EXP_PTGDP,3.917129993
211,HRV,2017,ECON_GVT_EDU_EXP_PTEXP,8.661589622
212,HUN,2017,ECON_GVT_EDU_EXP_PTEXP,10.06933975
213,HUN,2017,ECON_GVT_EDU_EXP_PTGDP,4.667099953
214,IRL,2017,ECON_GVT_EDU_EXP_PTEXP,13.46893978
215,IRL,2017,ECON_GVT_EDU_EXP_PTGDP,3.506860018
216,ISL,2017,ECON_GVT_EDU_EXP_PTEXP,17.69028091
217,ISL,2017,ECON_GVT_EDU_EXP_PTGDP,7.658219814
218,ISR,2017,ECON_GVT_EDU_EXP_PTEXP,15.71827984
219,ISR,2017,ECON_GVT_EDU_EXP_PTGDP,6.092619896
220,ITA,2017,ECON_GVT_EDU_EXP_PTGDP,4.044939995
221,ITA,2017,ECON_GVT_EDU_EXP_PTEXP,8.313960075
222,JPN,2017,ECON_GVT_EDU_EXP_PTGDP,3.182179928
223,JPN,2017,ECON_GVT_EDU_EXP_PTEXP,8.378879547
224,KGZ,2017,ECON_GVT_EDU_EXP_PTEXP,15.7302599
225,KGZ,2017,ECON_GVT_EDU_EXP_PTGDP,6.026189804
226,KNA,2017,ECON_GVT_REV_PTGDP,27.88297576
227,LCA,2017,ECON_GVT_REV_PTGDP,19.40215736
228,LTU,2017,ECON_GVT_EDU_EXP_PTEXP,11.82433987
229,LTU,2017,ECON_GVT_EDU_EXP_PTGDP,3.812829971
230,LUX,2017,ECON_GVT_EDU_EXP_PTGDP,3.569590092
231,LUX,2017,ECON_GVT_EDU_EXP_PTEXP,8.534049988
232,LVA,2017,ECON_GVT_EDU_EXP_PTEXP,11.96763039
233,LVA,2017,ECON_GVT_EDU_EXP_PTGDP,4.397119999
234,MCO,2017,ECON_GVT_EDU_EXP_PTGDP,1.457929969
235,MCO,2017,ECON_GVT_EDU_EXP_PTEXP,6.980629921
236,MEX,2017,ECON_GVT_EDU_EXP_PTEXP,17.57673073
237,MEX,2017,ECON_GVT_EDU_EXP_PTGDP,4.522819996
238,MLI,2017,ECON_GVT_EDU_EXP_PTEXP,16.53433037
239,MLI,2017,ECON_GVT_EDU_EXP_PTGDP,3.787309885
240,MLT,2017,ECON_GVT_EDU_EXP_PTEXP,13.46864986
241,MLT,2017,ECON_GVT_EDU_EXP_PTGDP,4.824379921
242,MNG,2017,ECON_GVT_EDU_EXP_PTEXP,12.64562035
243,MNG,2017,ECON_GVT_EDU_EXP_PTGDP,4.088590145
244,NIC,2017,ECON_GVT_EDU_EXP_PTGDP,4.357679844
245,NLD,2017,ECON_GVT_EDU_EXP_PTEXP,12.19252968
246,NLD,2017,ECON_GVT_EDU_EXP_PTGDP,5.17509985
247,NOR,2017,ECON_GVT_EDU_EXP_PTEXP,16.01365089
248,NOR,2017,ECON_GVT_EDU_EXP_PTGDP,7.911980152
249,NZL,2017,ECON_GVT_EDU_EXP_PTEXP,16.65535927
250,NZL,2017,ECON_GVT_EDU_EXP_PTGDP,6.283669949
251,PAK,2017,ECON_GVT_EDU_EXP_PTEXP,14.54477978
252,PAK,2017,ECON_GVT_EDU_EXP_PTGDP,2.89951992
253,POL,2017,ECON_GVT_EDU_EXP_PTEXP,11.05910969
254,POL,2017,ECON_GVT_EDU_EXP_PTGDP,4.559569836
255,PRT,2017,ECON_GVT_EDU_EXP_PTEXP,11.05803967
256,PRT,2017,ECON_GVT_EDU_EXP_PTGDP,5.015610218
257,PSE,2017,ECON_GVT_EDU_EXP_PTGDP,5.25233984
258,ROU,2017,ECON_GVT_EDU_EXP_PTEXP,10.05265045
259,ROU,2017,ECON_GVT_EDU_EXP_PTGDP,3.095390081
260,RUS,2017,ECON_GVT_EDU_EXP_PTEXP,13.46508026
261,RUS,2017,ECON_GVT_EDU_EXP_PTGDP,4.689909935
262,SVK,2017,ECON_GVT_EDU_EXP_PTGDP,3.939130068
263,SVK,2017,ECON_GVT_EDU_EXP_PTEXP,9.761619568
264,SVN,2017,ECON_GVT_EDU_EXP_PTEXP,12.02299976
265,SVN,2017,ECON_GVT_EDU_EXP_PTGDP,4.783239841
266,SWE,2017,ECON_GVT_EDU_EXP_PTEXP,15.79839993
267,SWE,2017,ECON_GVT_EDU_EXP_PTGDP,7.568830013
268,SYC,2017,ECON_ODA_INFLOW_PTGNI,1.147674552
269,SYC,2017,ECON_ODA_INFLOW_USD,16.20000076
270,TCD,2017,ECON_GVT_EDU_EXP_PTEXP,16.3627491
271,TCD,2017,ECON_GVT_EDU_EXP_PTGDP,2.454819918
272,TJK,2017,ECON_GVT_EXP_PTGDP,17.82913055
273,TKM,2017,ECON_GVT_EXP_PTGDP,7.79708005
274,TZA,2017,ECON_GVT_EXP_PTGDP,8.496345567
275,UKR,2017,ECON_GVT_EDU_EXP_PTEXP,13.05142021
276,UKR,2017,ECON_GVT_EDU_EXP_PTGDP,5.412260056
277,URY,2017,ECON_ODA_INFLOW_PTGNI,0.074373816
278,URY,2017,ECON_ODA_INFLOW_USD,41.63999939
279,UZB,2017,ECON_GVT_EDU_EXP_PTEXP,23.03091049
280,UZB,2017,ECON_GVT_EDU_EXP_PTGDP,5.281340122
281,VCT,2017,ECON_GVT_REV_PTGDP,27.23948983
282,VUT,2017,ECON_GVT_EDU_EXP_PTEXP,12.69207954
283,VUT,2017,ECON_GVT_EDU_EXP_PTGDP,4.533530235
284,AFG,2018,ECON_GVT_HLTH_EXP_PTGDP,0.48597482
285,AFG,2018,ECON_GVT_HLTH_EXP_PTEXP,1.79805613
286,AGO,2018,ECON_GVT_HLTH_EXP_PTGDP,1.06878364
287,AGO,2018,ECON_GVT_HLTH_EXP_PTEXP,5.42673731
288,ALB,2018,ECON_GVT_HLTH_EXP_PTGDP,2.84153938
289,ALB,2018,ECON_GVT_HLTH_EXP_PTEXP,9.70960903
290,AND,2018,ECON_GVT_HLTH_EXP_PTEXP,18.59891129
291,AND,2018,ECON_GVT_EDU_EXP_PTEXP,19.32305908
292,AND,2018,ECON_GVT_HLTH_EXP_PTGDP,4.55864906
293,ARE,2018,ECON_GVT_HLTH_EXP_PTGDP,2.17965603
294,ARE,2018,ECON_GVT_HLTH_EXP_PTEXP,7.2451582
295,ARG,2018,ECON_GVT_HLTH_EXP_PTEXP,15.19464302
296,ARG,2018,ECON_GVT_HLTH_EXP_PTGDP,5.91017103
297,ARM,2018,ECON_GVT_HLTH_EXP_PTGDP,1.23714364
298,ARM,2018,ECON_GVT_HLTH_EXP_PTEXP,5.26985884
299,ATG,2018,ECON_GVT_HLTH_EXP_PTEXP,11.66205025
300,ATG,2018,ECON_GVT_EXP_PTGDP,16.39423687
301,ATG,2018,ECON_GVT_HLTH_EXP_PTGDP,2.90411592
302,AUS,2018,ECON_GVT_HLTH_EXP_PTEXP,17.9436779
303,AUS,2018,ECON_GVT_HLTH_EXP_PTGDP,6.41243744
304,AUT,2018,ECON_GVT_HLTH_EXP_PTEXP,15.49779797
305,AUT,2018,ECON_GVT_HLTH_EXP_PTGDP,7.5464735
306,AZE,2018,ECON_GVT_HLTH_EXP_PTGDP,0.9321152
307,AZE,2018,ECON_GVT_EDU_EXP_PTGDP,2.455430031
308,AZE,2018,ECON_GVT_HLTH_EXP_PTEXP,2.8122046
309,AZE,2018,ECON_GVT_EDU_EXP_PTEXP,7.435460091
310,BDI,2018,ECON_GVT_HLTH_EXP_PTGDP,1.90243125
311,BDI,2018,ECON_GVT_EDU_EXP_PTEXP,19.91987038
312,BDI,2018,ECON_GVT_EDU_EXP_PTGDP,5.078649998
313,BDI,2018,ECON_GVT_HLTH_EXP_PTEXP,8.52141476
314,BEL,2018,ECON_GVT_HLTH_EXP_PTEXP,14.99570751
315,BEL,2018,ECON_GVT_HLTH_EXP_PTGDP,7.8199439
316,BEN,2018,ECON_GVT_HLTH_EXP_PTGDP,0.49050966
317,BEN,2018,ECON_GVT_EDU_EXP_PTEXP,17.70918083
318,BEN,2018,ECON_GVT_EDU_EXP_PTGDP,2.933969975
319,BEN,2018,ECON_GVT_HLTH_EXP_PTEXP,2.9630444
320,BFA,2018,ECON_GVT_HLTH_EXP_PTGDP,2.3925395
321,BFA,2018,ECON_GVT_EDU_EXP_PTEXP,22.66116905
322,BFA,2018,ECON_GVT_EDU_EXP_PTGDP,5.383790016
323,BFA,2018,ECON_GVT_HLTH_EXP_PTEXP,8.78477192
324,BGD,2018,ECON_GVT_HLTH_EXP_PTGDP,0.3977879
325,BGD,2018,ECON_GVT_HLTH_EXP_PTEXP,2.97787333
326,BGR,2018,ECON_GVT_HLTH_EXP_PTEXP,11.58668804
327,BGR,2018,ECON_GVT_REV_PTGDP,34.67633994
328,BGR,2018,ECON_GVT_HLTH_EXP_PTGDP,4.23436928
329,BHR,2018,ECON_GVT_EXP_PTGDP,16.32192206
330,BHR,2018,ECON_GVT_HLTH_EXP_PTGDP,2.43187261
331,BHR,2018,ECON_GVT_HLTH_EXP_PTEXP,7.21479273
332,BHS,2018,ECON_GVT_HLTH_EXP_PTEXP,15.86937904
333,BHS,2018,ECON_GVT_HLTH_EXP_PTGDP,3.13811374
334,BIH,2018,ECON_GVT_HLTH_EXP_PTEXP,15.1389389
335,BIH,2018,ECON_GVT_HLTH_EXP_PTGDP,6.21318245
336,BLR,2018,ECON_GVT_HLTH_EXP_PTEXP,10.60647964
337,BLR,2018,ECON_GVT_HLTH_EXP_PTGDP,3.97420192
338,BLZ,2018,ECON_GVT_HLTH_EXP_PTEXP,12.46295452
339,BLZ,2018,ECON_GVT_EDU_EXP_PTEXP,21.36528969
340,BLZ,2018,ECON_GVT_HLTH_EXP_PTGDP,3.90398026
341,BLZ,2018,ECON_GVT_EDU_EXP_PTGDP,7.561490059
342,BOL,2018,ECON_GVT_HLTH_EXP_PTEXP,12.08904457
343,BOL,2018,ECON_GVT_HLTH_EXP_PTGDP,4.48434305
344,BRA,2018,ECON_GVT_HLTH_EXP_PTEXP,10.30064011
345,BRA,2018,ECON_GVT_HLTH_EXP_PTGDP,3.96481943
346,BRB,2018,ECON_GVT_HLTH_EXP_PTGDP,2.93843102
347,BRB,2018,ECON_GVT_HLTH_EXP_PTEXP,9.88513851
348,BRN,2018,ECON_GVT_HLTH_EXP_PTGDP,2.29566693
349,BRN,2018,ECON_GVT_HLTH_EXP_PTEXP,7.13899708
350,BTN,2018,ECON_GVT_HLTH_EXP_PTGDP,2.43216681
351,BTN,2018,ECON_GVT_REV_PTGDP,22.16285668
352,BTN,2018,ECON_GVT_EDU_EXP_PTEXP,22.76646042
353,BTN,2018,ECON_GVT_EDU_EXP_PTGDP,6.850840092
354,BTN,2018,ECON_GVT_HLTH_EXP_PTEXP,7.61215687
355,BWA,2018,ECON_GVT_HLTH_EXP_PTEXP,14.31576443
356,BWA,2018,ECON_GVT_HLTH_EXP_PTGDP,4.53097391
357,CAF,2018,ECON_GVT_HLTH_EXP_PTGDP,0.68838823
358,CAF,2018,ECON_GVT_HLTH_EXP_PTEXP,4.23182249
359,CAF,2018,ECON_GVT_REV_PTGDP,8.817987764
360,CAN,2018,ECON_GVT_HLTH_EXP_PTEXP,19.54784775
361,CAN,2018,ECON_GVT_HLTH_EXP_PTGDP,7.93011045
362,CHE,2018,ECON_GVT_HLTH_EXP_PTEXP,10.99238873
363,CHE,2018,ECON_GVT_HLTH_EXP_PTGDP,3.70784402
364,CHL,2018,ECON_GVT_HLTH_EXP_PTEXP,18.32768631
365,CHL,2018,ECON_GVT_HLTH_EXP_PTGDP,4.64688587
366,CHN,2018,ECON_GVT_REV_PTGDP,16.53589554
367,CHN,2018,ECON_SOC_PRO_EXP_PTEXP,26.21237635
368,CHN,2018,ECON_GVT_HLTH_EXP_PTGDP,3.018888
369,CHN,2018,ECON_SOC_PRO_EXP_PTGDP,8.109312922
370,CHN,2018,ECON_GVT_HLTH_EXP_PTEXP,8.85456753
371,CIV,2018,ECON_GVT_HLTH_EXP_PTGDP,1.20726717
372,CIV,2018,ECON_GVT_EDU_EXP_PTEXP,18.33167076
373,CIV,2018,ECON_GVT_EDU_EXP_PTGDP,3.256030083
374,CIV,2018,ECON_GVT_HLTH_EXP_PTEXP,5.06648684
375,CMR,2018,ECON_GVT_HLTH_EXP_PTGDP,0.21037169
376,CMR,2018,ECON_GVT_HLTH_EXP_PTEXP,1.13430619
377,CMR,2018,ECON_GVT_REV_PTGDP,15.65157363
378,CMR,2018,ECON_GVT_EDU_EXP_PTEXP,16.88315964
379,CMR,2018,ECON_GVT_EDU_EXP_PTGDP,3.131200075
380,COD,2018,ECON_GVT_HLTH_EXP_PTGDP,0.49770063
381,COD,2018,ECON_GVT_HLTH_EXP_PTEXP,4.45876265
382,COG,2018,ECON_GVT_HLTH_EXP_PTGDP,0.78597683
383,COG,2018,ECON_GVT_EDU_EXP_PTEXP,15.56768036
384,COG,2018,ECON_GVT_REV_PTGDP,25.83122269
385,COG,2018,ECON_GVT_HLTH_EXP_PTEXP,3.48379326
386,COG,2018,ECON_GVT_EDU_EXP_PTGDP,3.511049986
387,COL,2018,ECON_GVT_EDU_EXP_PTEXP,15.98262024
388,COL,2018,ECON_GVT_HLTH_EXP_PTEXP,19.61733055
389,COL,2018,ECON_GVT_EDU_EXP_PTGDP,4.457489967
390,COL,2018,ECON_GVT_HLTH_EXP_PTGDP,5.47120094
391,COM,2018,ECON_GVT_HLTH_EXP_PTGDP,0.42495197
392,COM,2018,ECON_GVT_HLTH_EXP_PTEXP,2.59666514
393,CPV,2018,ECON_GVT_HLTH_EXP_PTEXP,10.39242458
394,CPV,2018,ECON_GVT_HLTH_EXP_PTGDP,3.22480845
395,CRI,2018,ECON_GVT_EDU_EXP_PTEXP,26.08666992
396,CRI,2018,ECON_GVT_HLTH_EXP_PTEXP,27.81505203
397,CRI,2018,ECON_GVT_HLTH_EXP_PTGDP,5.47541523
398,CUB,2018,ECON_GVT_HLTH_EXP_PTEXP,15.1891737
399,CUB,2018,ECON_GVT_EXP_PTGDP,30.05308779
400,CUB,2018,ECON_GVT_HLTH_EXP_PTGDP,9.94623375
401,CYP,2018,ECON_GVT_HLTH_EXP_PTGDP,2.89758873
402,CYP,2018,ECON_GVT_HLTH_EXP_PTEXP,6.64785194
403,CZE,2018,ECON_GVT_HLTH_EXP_PTEXP,15.54141617
404,CZE,2018,ECON_GVT_HLTH_EXP_PTGDP,6.32395458
405,DEU,2018,ECON_GVT_HLTH_EXP_PTEXP,19.99492836
406,DEU,2018,ECON_GVT_HLTH_EXP_PTGDP,8.87924862
407,DJI,2018,ECON_GVT_HLTH_EXP_PTGDP,1.15207028
408,DJI,2018,ECON_GVT_EDU_EXP_PTEXP,13.99153042
409,DJI,2018,ECON_GVT_EXP_PTGDP,20.64625755
410,DJI,2018,ECON_GVT_EDU_EXP_PTGDP,3.627739906
411,DJI,2018,ECON_GVT_HLTH_EXP_PTEXP,4.31139421
412,DMA,2018,ECON_GVT_HLTH_EXP_PTGDP,4.27209282
413,DMA,2018,ECON_GVT_HLTH_EXP_PTEXP,6.99865007
414,DNK,2018,ECON_GVT_HLTH_EXP_PTEXP,16.63923073
415,DNK,2018,ECON_GVT_HLTH_EXP_PTGDP,8.44737244
416,DOM,2018,ECON_GVT_HLTH_EXP_PTEXP,15.40141296
417,DOM,2018,ECON_GVT_HLTH_EXP_PTGDP,2.54011798
418,DZA,2018,ECON_GVT_HLTH_EXP_PTEXP,10.73443604
419,DZA,2018,ECON_GVT_HLTH_EXP_PTGDP,4.09385347
420,ECU,2018,ECON_GVT_HLTH_EXP_PTEXP,11.41695976
421,ECU,2018,ECON_GVT_HLTH_EXP_PTGDP,4.23046207
422,EGY,2018,ECON_GVT_HLTH_EXP_PTGDP,1.42153192
423,EGY,2018,ECON_GVT_HLTH_EXP_PTEXP,4.72155714
424,ERI,2018,ECON_GVT_HLTH_EXP_PTGDP,0.63723993
425,ERI,2018,ECON_GVT_HLTH_EXP_PTEXP,2.3541069
426,ESP,2018,ECON_GVT_HLTH_EXP_PTEXP,15.17711258
427,ESP,2018,ECON_GVT_HLTH_EXP_PTGDP,6.32039309
428,EST,2018,ECON_GVT_HLTH_EXP_PTEXP,12.5359621
429,EST,2018,ECON_GVT_HLTH_EXP_PTGDP,4.92055178
430,ETH,2018,ECON_GVT_HLTH_EXP_PTGDP,0.7701149
431,ETH,2018,ECON_GVT_HLTH_EXP_PTEXP,4.7883606
432,FIN,2018,ECON_GVT_HLTH_EXP_PTEXP,13.33292294
433,FIN,2018,ECON_GVT_HLTH_EXP_PTGDP,7.09943485
434,FJI,2018,ECON_GVT_EXP_PTGDP,19.76664325
435,FJI,2018,ECON_GVT_HLTH_EXP_PTGDP,2.33869004
436,FJI,2018,ECON_GVT_HLTH_EXP_PTEXP,7.16549301
437,FRA,2018,ECON_GVT_HLTH_EXP_PTEXP,14.78782749
438,FRA,2018,ECON_GVT_HLTH_EXP_PTGDP,8.26006222
439,FRO,2018,ECON_GVT_EXP_PTGDP,28.83766303
440,FSM,2018,ECON_ODA_INFLOW_PTGNI,23.9666725
441,FSM,2018,ECON_GVT_HLTH_EXP_PTGDP,3.31426215
442,FSM,2018,ECON_GVT_HLTH_EXP_PTEXP,4.79729795
443,FSM,2018,ECON_GVT_REV_PTGDP,44.68864558
444,GAB,2018,ECON_GVT_HLTH_EXP_PTGDP,1.60855591
445,GAB,2018,ECON_GVT_HLTH_EXP_PTEXP,9.41520691
446,GBR,2018,ECON_GVT_HLTH_EXP_PTEXP,19.19547844
447,GBR,2018,ECON_GVT_HLTH_EXP_PTGDP,7.85798359
448,GEO,2018,ECON_GVT_HLTH_EXP_PTEXP,10.32494831
449,GEO,2018,ECON_GVT_EDU_EXP_PTEXP,12.95149994
450,GEO,2018,ECON_GVT_HLTH_EXP_PTGDP,2.80701351
451,GEO,2018,ECON_GVT_EDU_EXP_PTGDP,3.52105999
452,GHA,2018,ECON_GVT_HLTH_EXP_PTGDP,1.37637711
453,GHA,2018,ECON_GVT_EDU_EXP_PTEXP,18.59816933
454,GHA,2018,ECON_GVT_EDU_EXP_PTGDP,3.989439964
455,GHA,2018,ECON_GVT_HLTH_EXP_PTEXP,6.41646242
456,GIN,2018,ECON_GVT_HLTH_EXP_PTGDP,0.6463778
457,GIN,2018,ECON_GVT_EDU_EXP_PTEXP,14.87012005
458,GIN,2018,ECON_GVT_EDU_EXP_PTGDP,2.315939903
459,GIN,2018,ECON_GVT_HLTH_EXP_PTEXP,4.11337852
460,GMB,2018,ECON_GVT_HLTH_EXP_PTGDP,0.94653189
461,GMB,2018,ECON_GVT_EDU_EXP_PTEXP,11.18826962
462,GMB,2018,ECON_GVT_EDU_EXP_PTGDP,2.420300007
463,GMB,2018,ECON_GVT_HLTH_EXP_PTEXP,4.37553978
464,GNB,2018,ECON_GVT_HLTH_EXP_PTGDP,0.64091021
465,GNB,2018,ECON_GVT_HLTH_EXP_PTEXP,3.02345538
466,GNB,2018,ECON_GVT_EXP_PTGDP,9.689179921
467,GNQ,2018,ECON_GVT_HLTH_EXP_PTGDP,0.59562802
468,GNQ,2018,ECON_GVT_HLTH_EXP_PTEXP,3.22592735
469,GRC,2018,ECON_GVT_HLTH_EXP_PTGDP,4.00687885
470,GRC,2018,ECON_GVT_HLTH_EXP_PTEXP,8.53209305
471,GRD,2018,ECON_GVT_HLTH_EXP_PTGDP,1.70504856
472,GRD,2018,ECON_GVT_HLTH_EXP_PTEXP,7.73680878
473,GRL,2018,ECON_GVT_EXP_PTGDP,44.13019336
474,GTM,2018,ECON_GVT_HLTH_EXP_PTEXP,16.67445374
475,GTM,2018,ECON_GVT_HLTH_EXP_PTGDP,2.05508208
476,GUY,2018,ECON_GVT_HLTH_EXP_PTEXP,10.69525909
477,GUY,2018,ECON_GVT_EDU_EXP_PTEXP,15.99738026
478,GUY,2018,ECON_GVT_HLTH_EXP_PTGDP,3.67280507
479,GUY,2018,ECON_GVT_EDU_EXP_PTGDP,5.493579865
480,HKG,2018,ECON_SOC_PRO_EXP_PTEXP,16.93324061
481,HKG,2018,ECON_SOC_PRO_EXP_PTGDP,3.435467356
482,HND,2018,ECON_GVT_HLTH_EXP_PTEXP,10.71282387
483,HND,2018,ECON_GVT_HLTH_EXP_PTGDP,2.8381052
484,HND,2018,ECON_GVT_EDU_EXP_PTEXP,22.95435905
485,HND,2018,ECON_GVT_EDU_EXP_PTGDP,6.06746006
486,HRV,2018,ECON_GVT_HLTH_EXP_PTEXP,12.34643078
487,HRV,2018,ECON_GVT_HLTH_EXP_PTGDP,5.68072224
488,HTI,2018,ECON_GVT_HLTH_EXP_PTGDP,0.92181933
489,HTI,2018,ECON_GVT_EDU_EXP_PTEXP,14.44034958
490,HTI,2018,ECON_GVT_EDU_EXP_PTGDP,2.780469894
491,HTI,2018,ECON_GVT_HLTH_EXP_PTEXP,4.78745461
492,HUN,2018,ECON_SOC_PRO_EXP_PTGDP,13.3137686
493,HUN,2018,ECON_SOC_PRO_EXP_PTEXP,28.53862146
494,HUN,2018,ECON_GVT_HLTH_EXP_PTGDP,4.6297884
495,HUN,2018,ECON_GVT_HLTH_EXP_PTEXP,9.92371368
496,IDN,2018,ECON_GVT_HLTH_EXP_PTGDP,1.41601324
497,IDN,2018,ECON_GVT_HLTH_EXP_PTEXP,8.50778484
498,IND,2018,ECON_GVT_HLTH_EXP_PTGDP,0.95529789
499,IND,2018,ECON_GVT_REV_PTGDP,13.13877958
500,IND,2018,ECON_GVT_HLTH_EXP_PTEXP,3.38738155
501,IRL,2018,ECON_GVT_HLTH_EXP_PTEXP,20.18994141
502,IRL,2018,ECON_GVT_HLTH_EXP_PTGDP,5.11970377
503,IRN,2018,ECON_ODA_INFLOW_PTGNI,0.03645412
504,IRN,2018,ECON_GVT_EDU_EXP_PTEXP,21.14567947
505,IRN,2018,ECON_GVT_HLTH_EXP_PTEXP,21.81197929
506,IRN,2018,ECON_GVT_EDU_EXP_PTGDP,3.955359936
507,IRN,2018,ECON_GVT_HLTH_EXP_PTGDP,3.97810006
508,IRQ,2018,ECON_GVT_HLTH_EXP_PTGDP,1.9763943
509,IRQ,2018,ECON_GVT_HLTH_EXP_PTEXP,6.1852026
510,ISL,2018,ECON_GVT_HLTH_EXP_PTEXP,16.61697769
511,ISL,2018,ECON_GVT_HLTH_EXP_PTGDP,6.97632265
512,ISR,2018,ECON_GVT_HLTH_EXP_PTEXP,12.06291294
513,ISR,2018,ECON_GVT_HLTH_EXP_PTGDP,4.86383152
514,ITA,2018,ECON_GVT_HLTH_EXP_PTEXP,13.2356348
515,ITA,2018,ECON_GVT_HLTH_EXP_PTGDP,6.40437317
516,JAM,2018,ECON_GVT_HLTH_EXP_PTEXP,13.03939629
517,JAM,2018,ECON_GVT_HLTH_EXP_PTGDP,3.93620682
518,JOR,2018,ECON_GVT_HLTH_EXP_PTEXP,12.39981174
519,JOR,2018,ECON_GVT_HLTH_EXP_PTGDP,3.83110499
520,JPN,2018,ECON_GVT_EXP_PTGDP,19.80081352
521,JPN,2018,ECON_GVT_HLTH_EXP_PTEXP,23.64898872
522,JPN,2018,ECON_GVT_HLTH_EXP_PTGDP,9.21061611
523,KAZ,2018,ECON_GVT_HLTH_EXP_PTGDP,1.77772903
524,KAZ,2018,ECON_GVT_EDU_EXP_PTEXP,13.88018036
525,KAZ,2018,ECON_GVT_EDU_EXP_PTGDP,2.615950108
526,KAZ,2018,ECON_GVT_HLTH_EXP_PTEXP,9.09603882
527,KEN,2018,ECON_GVT_EDU_EXP_PTEXP,19.10403061
528,KEN,2018,ECON_GVT_HLTH_EXP_PTGDP,2.17734981
529,KEN,2018,ECON_GVT_EDU_EXP_PTGDP,5.306250095
530,KEN,2018,ECON_GVT_HLTH_EXP_PTEXP,8.5486517
531,KGZ,2018,ECON_GVT_HLTH_EXP_PTGDP,2.79898
532,KGZ,2018,ECON_GVT_HLTH_EXP_PTEXP,8.38595295
533,KHM,2018,ECON_GVT_HLTH_EXP_PTGDP,1.28203905
534,KHM,2018,ECON_GVT_EDU_EXP_PTGDP,2.162859917
535,KHM,2018,ECON_GVT_HLTH_EXP_PTEXP,5.20639992
536,KHM,2018,ECON_GVT_EDU_EXP_PTEXP,8.838979721
537,KIR,2018,ECON_GVT_HLTH_EXP_PTEXP,5.99429989
538,KIR,2018,ECON_GVT_EXP_PTGDP,73.8764365
539,KIR,2018,ECON_GVT_HLTH_EXP_PTGDP,9.25310516
540,KNA,2018,ECON_GVT_HLTH_EXP_PTGDP,2.47085404
541,KNA,2018,ECON_GVT_HLTH_EXP_PTEXP,7.38743448
542,KOR,2018,ECON_GVT_HLTH_EXP_PTEXP,14.03574085
543,KOR,2018,ECON_GVT_HLTH_EXP_PTGDP,4.42084885
544,KWT,2018,ECON_GVT_EXP_PTGDP,22.65691032
545,KWT,2018,ECON_GVT_HLTH_EXP_PTGDP,4.40143347
546,KWT,2018,ECON_GVT_HLTH_EXP_PTEXP,8.91270447
547,LAO,2018,ECON_GVT_HLTH_EXP_PTGDP,0.8692286
548,LAO,2018,ECON_GVT_HLTH_EXP_PTEXP,4.36578941
549,LBN,2018,ECON_GVT_HLTH_EXP_PTEXP,13.27205563
550,LBN,2018,ECON_GVT_HLTH_EXP_PTGDP,4.17827749
551,LBR,2018,ECON_GVT_HLTH_EXP_PTGDP,1.69556665
552,LBR,2018,ECON_GVT_EDU_EXP_PTGDP,2.584120035
553,LBR,2018,ECON_GVT_HLTH_EXP_PTEXP,5.23001003
554,LBR,2018,ECON_GVT_EDU_EXP_PTEXP,8.062680244
555,LCA,2018,ECON_GVT_EDU_EXP_PTEXP,14.36386013
556,LCA,2018,ECON_GVT_HLTH_EXP_PTGDP,2.07827044
557,LCA,2018,ECON_GVT_EDU_EXP_PTGDP,3.331799984
558,LCA,2018,ECON_GVT_HLTH_EXP_PTEXP,8.22589302
559,LKA,2018,ECON_GVT_HLTH_EXP_PTGDP,1.54440343
560,LKA,2018,ECON_GVT_EDU_EXP_PTEXP,11.3308897
561,LKA,2018,ECON_GVT_EDU_EXP_PTGDP,2.124209881
562,LKA,2018,ECON_GVT_HLTH_EXP_PTEXP,8.28615856
563,LSO,2018,ECON_GVT_HLTH_EXP_PTEXP,11.58207703
564,LSO,2018,ECON_GVT_EDU_EXP_PTEXP,13.89303017
565,LSO,2018,ECON_GVT_HLTH_EXP_PTGDP,5.39025688
566,LSO,2018,ECON_GVT_EDU_EXP_PTGDP,6.985189915
567,LTU,2018,ECON_GVT_HLTH_EXP_PTEXP,12.70470142
568,LTU,2018,ECON_GVT_HLTH_EXP_PTGDP,4.32588911
569,LUX,2018,ECON_GVT_HLTH_EXP_PTEXP,10.70209694
570,LUX,2018,ECON_GVT_HLTH_EXP_PTGDP,4.48882246
571,LVA,2018,ECON_GVT_HLTH_EXP_PTGDP,3.69595933
572,LVA,2018,ECON_GVT_HLTH_EXP_PTEXP,9.59838486
573,MAC,2018,ECON_GVT_EDU_EXP_PTEXP,14.66703033
574,MAC,2018,ECON_GVT_EDU_EXP_PTGDP,2.738699913
575,MAR,2018,ECON_GVT_HLTH_EXP_PTGDP,2.13520813
576,MAR,2018,ECON_GVT_HLTH_EXP_PTEXP,7.1744175
577,MCO,2018,ECON_GVT_HLTH_EXP_PTGDP,1.36923087
578,MCO,2018,ECON_GVT_HLTH_EXP_PTEXP,6.64633894
579,MDA,2018,ECON_GVT_HLTH_EXP_PTEXP,11.95271397
580,MDA,2018,ECON_GVT_EDU_EXP_PTEXP,17.46109962
581,MDA,2018,ECON_GVT_HLTH_EXP_PTGDP,3.72814417
582,MDA,2018,ECON_GVT_EDU_EXP_PTGDP,5.439730167
583,MDG,2018,ECON_GVT_HLTH_EXP_PTGDP,1.71139181
584,MDG,2018,ECON_GVT_HLTH_EXP_PTEXP,10.47829628
585,MDG,2018,ECON_GVT_EDU_EXP_PTEXP,19.81822014
586,MDG,2018,ECON_GVT_EDU_EXP_PTGDP,2.825489998
587,MDV,2018,ECON_GVT_HLTH_EXP_PTEXP,21.44111824
588,MDV,2018,ECON_GVT_HLTH_EXP_PTGDP,6.64666605
589,MEX,2018,ECON_GVT_HLTH_EXP_PTEXP,10.46609402
590,MEX,2018,ECON_GVT_HLTH_EXP_PTGDP,2.68957853
591,MHL,2018,ECON_GVT_HLTH_EXP_PTEXP,12.08304214
592,MHL,2018,ECON_ODA_INFLOW_PTGNI,19.24593696
593,MHL,2018,ECON_GVT_REV_PTGDP,32.22688202
594,MHL,2018,ECON_GVT_EXP_PTGDP,56.34785202
595,MHL,2018,ECON_GVT_HLTH_EXP_PTGDP,7.62247944
596,MKD,2018,ECON_GVT_HLTH_EXP_PTEXP,12.41411018
597,MKD,2018,ECON_GVT_HLTH_EXP_PTGDP,3.7734344
598,MLI,2018,ECON_GVT_HLTH_EXP_PTGDP,1.09631753
599,MLI,2018,ECON_GVT_HLTH_EXP_PTEXP,5.43063307
600,MLT,2018,ECON_GVT_HLTH_EXP_PTEXP,15.55481243
601,MLT,2018,ECON_GVT_HLTH_EXP_PTGDP,5.6904974
602,MMR,2018,ECON_GVT_HLTH_EXP_PTGDP,0.71048534
603,MMR,2018,ECON_GVT_EXP_PTGDP,18.30260383
604,MMR,2018,ECON_GVT_HLTH_EXP_PTEXP,3.48672128
605,MNE,2018,ECON_GVT_HLTH_EXP_PTEXP,10.59890556
606,MNE,2018,ECON_GVT_HLTH_EXP_PTGDP,5.05507421
607,MNG,2018,ECON_GVT_HLTH_EXP_PTGDP,2.22274852
608,MNG,2018,ECON_SOC_PRO_EXP_PTEXP,21.26549204
609,MNG,2018,ECON_GVT_REV_PTGDP,28.65772055
610,MNG,2018,ECON_SOC_PRO_EXP_PTGDP,6.408729251
611,MNG,2018,ECON_GVT_HLTH_EXP_PTEXP,7.7346282
612,MOZ,2018,ECON_GVT_HLTH_EXP_PTGDP,1.73058236
613,MOZ,2018,ECON_GVT_EDU_EXP_PTEXP,17.88060951
614,MOZ,2018,ECON_GVT_EDU_EXP_PTGDP,5.499849796
615,MOZ,2018,ECON_GVT_HLTH_EXP_PTEXP,5.55443811
616,MRT,2018,ECON_GVT_HLTH_EXP_PTGDP,1.64334965
617,MRT,2018,ECON_GVT_HLTH_EXP_PTEXP,6.06559992
618,MUS,2018,ECON_GVT_HLTH_EXP_PTGDP,2.51386142
619,MUS,2018,ECON_GVT_HLTH_EXP_PTEXP,9.96849728
620,MWI,2018,ECON_GVT_EDU_EXP_PTEXP,15.7802
621,MWI,2018,ECON_GVT_HLTH_EXP_PTGDP,2.69569468
622,MWI,2018,ECON_GVT_EDU_EXP_PTGDP,4.714839935
623,MWI,2018,ECON_GVT_HLTH_EXP_PTEXP,9.77548409
624,MYS,2018,ECON_GVT_HLTH_EXP_PTGDP,1.92251933
625,MYS,2018,ECON_GVT_HLTH_EXP_PTEXP,8.46812534
626,NAM,2018,ECON_GVT_HLTH_EXP_PTEXP,10.65234089
627,NAM,2018,ECON_GVT_HLTH_EXP_PTGDP,3.66205049
628,NAM,2018,ECON_GVT_REV_PTGDP,34.14225102
629,NER,2018,ECON_GVT_EDU_EXP_PTEXP,16.7811203
630,NER,2018,ECON_GVT_HLTH_EXP_PTGDP,2.43483281
631,NER,2018,ECON_GVT_EDU_EXP_PTGDP,3.547209978
632,NER,2018,ECON_GVT_HLTH_EXP_PTEXP,8.35071278
633,NGA,2018,ECON_GVT_HLTH_EXP_PTGDP,0.57829392
634,NGA,2018,ECON_GVT_HLTH_EXP_PTEXP,4.43586874
635,NIC,2018,ECON_GVT_HLTH_EXP_PTEXP,18.76168633
636,NIC,2018,ECON_GVT_HLTH_EXP_PTGDP,5.12276936
637,NLD,2018,ECON_GVT_HLTH_EXP_PTEXP,15.39665318
638,NLD,2018,ECON_GVT_HLTH_EXP_PTGDP,6.47513723
639,NOR,2018,ECON_GVT_HLTH_EXP_PTEXP,17.44207382
640,NOR,2018,ECON_GVT_HLTH_EXP_PTGDP,8.57445526
641,NPL,2018,ECON_GVT_HLTH_EXP_PTGDP,1.4629916
642,NPL,2018,ECON_GVT_EDU_EXP_PTEXP,14.10186958
643,NPL,2018,ECON_GVT_HLTH_EXP_PTEXP,4.58270121
644,NPL,2018,ECON_GVT_EDU_EXP_PTGDP,5.102069855
645,NRU,2018,ECON_GVT_REV_PTGDP,108.4737934
646,NRU,2018,ECON_SOC_PRO_EXP_PTEXP,5.946292554
647,NRU,2018,ECON_SOC_PRO_EXP_PTGDP,6.05749174
648,NRU,2018,ECON_GVT_HLTH_EXP_PTEXP,7.36450624
649,NRU,2018,ECON_GVT_HLTH_EXP_PTGDP,7.927073
650,NZL,2018,ECON_GVT_EXP_PTGDP,18.47526947
651,NZL,2018,ECON_GVT_HLTH_EXP_PTEXP,19.26945305
652,NZL,2018,ECON_GVT_HLTH_EXP_PTGDP,6.89220285
653,OMN,2018,ECON_GVT_HLTH_EXP_PTGDP,3.62180948
654,OMN,2018,ECON_GVT_HLTH_EXP_PTEXP,7.97918415
655,PAK,2018,ECON_GVT_HLTH_EXP_PTGDP,1.13782847
656,PAK,2018,ECON_GVT_HLTH_EXP_PTEXP,5.26019049
657,PAN,2018,ECON_GVT_REV_PTGDP,13.62986665
658,PAN,2018,ECON_GVT_HLTH_EXP_PTEXP,21.37067223
659,PAN,2018,ECON_GVT_HLTH_EXP_PTGDP,4.64304161
660,PER,2018,ECON_GVT_HLTH_EXP_PTEXP,15.31990433
661,PER,2018,ECON_GVT_HLTH_EXP_PTGDP,3.27977324
662,PHL,2018,ECON_GVT_HLTH_EXP_PTGDP,1.43694162
663,PHL,2018,ECON_GVT_HLTH_EXP_PTEXP,6.60114717
664,PLW,2018,ECON_GVT_HLTH_EXP_PTEXP,16.83393097
665,PLW,2018,ECON_GVT_EXP_PTGDP,33.14214274
666,PLW,2018,ECON_GVT_HLTH_EXP_PTGDP,6.40163565
667,PNG,2018,ECON_GVT_HLTH_EXP_PTGDP,1.65798402
668,PNG,2018,ECON_GVT_EDU_EXP_PTGDP,1.930889964
669,PNG,2018,ECON_GVT_HLTH_EXP_PTEXP,7.38765907
670,PNG,2018,ECON_GVT_EDU_EXP_PTEXP,8.725239754
671,POL,2018,ECON_GVT_HLTH_EXP_PTEXP,10.83347034
672,POL,2018,ECON_GVT_HLTH_EXP_PTGDP,4.50037479
673,PRT,2018,ECON_GVT_HLTH_EXP_PTEXP,13.38758183
674,PRT,2018,ECON_GVT_HLTH_EXP_PTGDP,5.78124619
675,PRY,2018,ECON_GVT_HLTH_EXP_PTEXP,15.30024242
676,PRY,2018,ECON_GVT_HLTH_EXP_PTGDP,2.91192317
677,PSE,2018,ECON_ODA_INFLOW_PTGNI,12.04428321
678,QAT,2018,ECON_GVT_HLTH_EXP_PTGDP,1.86285079
679,QAT,2018,ECON_GVT_HLTH_EXP_PTEXP,6.29298306
680,ROU,2018,ECON_GVT_HLTH_EXP_PTEXP,12.68549156
681,ROU,2018,ECON_GVT_HLTH_EXP_PTGDP,4.42809868
682,RUS,2018,ECON_GVT_HLTH_EXP_PTGDP,3.16065264
683,RUS,2018,ECON_GVT_HLTH_EXP_PTEXP,9.76066208
684,RWA,2018,ECON_GVT_EDU_EXP_PTEXP,10.80461025
685,RWA,2018,ECON_GVT_HLTH_EXP_PTGDP,2.3743403
686,RWA,2018,ECON_GVT_EDU_EXP_PTGDP,3.073750019
687,RWA,2018,ECON_GVT_HLTH_EXP_PTEXP,8.88277245
688,SAU,2018,ECON_GVT_HLTH_EXP_PTEXP,10.86006737
689,SAU,2018,ECON_GVT_HLTH_EXP_PTGDP,3.97201705
690,SDN,2018,ECON_GVT_HLTH_EXP_PTGDP,1.03099167
691,SDN,2018,ECON_GVT_HLTH_EXP_PTEXP,6.81272984
692,SEN,2018,ECON_GVT_HLTH_EXP_PTGDP,0.94568121
693,SEN,2018,ECON_GVT_REV_PTGDP,19.67007819
694,SEN,2018,ECON_GVT_EDU_EXP_PTEXP,21.52940941
695,SEN,2018,ECON_GVT_HLTH_EXP_PTEXP,4.25805283
696,SEN,2018,ECON_GVT_EDU_EXP_PTGDP,4.833280087
697,SGP,2018,ECON_GVT_HLTH_EXP_PTEXP,15.27605915
698,SGP,2018,ECON_GVT_HLTH_EXP_PTGDP,2.24764204
699,SLB,2018,ECON_GVT_HLTH_EXP_PTGDP,3.53729272
700,SLB,2018,ECON_GVT_HLTH_EXP_PTEXP,7.87741089
701,SLE,2018,ECON_GVT_HLTH_EXP_PTGDP,1.56026566
702,SLE,2018,ECON_GVT_HLTH_EXP_PTEXP,7.24886274
703,SLV,2018,ECON_GVT_EDU_EXP_PTEXP,14.94499969
704,SLV,2018,ECON_GVT_HLTH_EXP_PTEXP,18.84103775
705,SLV,2018,ECON_GVT_EDU_EXP_PTGDP,3.592420101
706,SLV,2018,ECON_GVT_HLTH_EXP_PTGDP,4.53943443
707,SMR,2018,ECON_GVT_EDU_EXP_PTEXP,13.99802017
708,SMR,2018,ECON_GVT_EXP_PTGDP,19.41127523
709,SMR,2018,ECON_GVT_HLTH_EXP_PTEXP,23.36175537
710,SMR,2018,ECON_GVT_EDU_EXP_PTGDP,3.592859983
711,SMR,2018,ECON_GVT_REV_PTGDP,41.14933749
712,SMR,2018,ECON_GVT_HLTH_EXP_PTGDP,5.99624014
713,SOM,2018,ECON_SOC_PRO_EXP_PTGDP,0.03040953
714,SOM,2018,ECON_SOC_PRO_EXP_PTEXP,0.395270986
715,SRB,2018,ECON_GVT_HLTH_EXP_PTEXP,12.44849586
716,SRB,2018,ECON_GVT_EDU_EXP_PTGDP,3.585390091
717,SRB,2018,ECON_GVT_HLTH_EXP_PTGDP,5.0694294
718,SRB,2018,ECON_GVT_EDU_EXP_PTEXP,8.804280281
719,SSD,2018,ECON_GVT_HLTH_EXP_PTGDP,0.68977404
720,SSD,2018,ECON_GVT_EDU_EXP_PTEXP,0.875440001
721,SSD,2018,ECON_GVT_HLTH_EXP_PTEXP,2.10620522
722,STP,2018,ECON_GVT_HLTH_EXP_PTEXP,10.76263237
723,STP,2018,ECON_GVT_HLTH_EXP_PTGDP,2.75483108
724,STP,2018,ECON_GVT_EDU_EXP_PTEXP,20.11654091
725,STP,2018,ECON_GVT_EDU_EXP_PTGDP,5.149069786
726,SUR,2018,ECON_GVT_HLTH_EXP_PTEXP,16.81441879
727,SUR,2018,ECON_GVT_HLTH_EXP_PTGDP,5.25434208
728,SVK,2018,ECON_GVT_HLTH_EXP_PTEXP,12.65307617
729,SVK,2018,ECON_GVT_HLTH_EXP_PTGDP,5.29823923
730,SVN,2018,ECON_GVT_HLTH_EXP_PTEXP,13.79918575
731,SVN,2018,ECON_GVT_HLTH_EXP_PTGDP,6.0091486
732,SWE,2018,ECON_GVT_HLTH_EXP_PTEXP,18.59606934
733,SWE,2018,ECON_GVT_HLTH_EXP_PTGDP,9.27377033
734,SWZ,2018,ECON_GVT_HLTH_EXP_PTGDP,2.14985657
735,SWZ,2018,ECON_GVT_HLTH_EXP_PTEXP,6.00291014
736,SYC,2018,ECON_GVT_HLTH_EXP_PTEXP,10.17943954
737,SYC,2018,ECON_SOC_PRO_EXP_PTEXP,16.86445931
738,SYC,2018,ECON_GVT_HLTH_EXP_PTGDP,3.80567455
739,SYC,2018,ECON_GVT_REV_PTGDP,37.72758444
740,SYC,2018,ECON_SOC_PRO_EXP_PTGDP,6.414926539
741,TCA,2018,ECON_GVT_EDU_EXP_PTEXP,12.1232996
742,TCA,2018,ECON_GVT_EDU_EXP_PTGDP,2.914350033
743,TCD,2018,ECON_GVT_HLTH_EXP_PTGDP,0.69685549
744,TCD,2018,ECON_GVT_HLTH_EXP_PTEXP,5.22710848
745,TGO,2018,ECON_GVT_HLTH_EXP_PTGDP,1.05069971
746,TGO,2018,ECON_GVT_EDU_EXP_PTEXP,21.76909065
747,TGO,2018,ECON_GVT_HLTH_EXP_PTEXP,4.25943756
748,TGO,2018,ECON_GVT_EDU_EXP_PTGDP,5.369569778
749,THA,2018,ECON_GVT_HLTH_EXP_PTEXP,15.03463268
750,THA,2018,ECON_GVT_HLTH_EXP_PTGDP,2.89305043
751,TJK,2018,ECON_GVT_HLTH_EXP_PTGDP,1.95795763
752,TJK,2018,ECON_GVT_HLTH_EXP_PTEXP,6.14373875
753,TKM,2018,ECON_ODA_INFLOW_PTGNI,0.052402169
754,TKM,2018,ECON_GVT_HLTH_EXP_PTGDP,1.19694495
755,TKM,2018,ECON_GVT_HLTH_EXP_PTEXP,8.71407223
756,TLS,2018,ECON_GVT_HLTH_EXP_PTGDP,2.62370276
757,TLS,2018,ECON_GVT_HLTH_EXP_PTEXP,5.36462212
758,TLS,2018,ECON_GVT_EDU_EXP_PTGDP,6.792950153
759,TLS,2018,ECON_GVT_EDU_EXP_PTEXP,7.934100151
760,TON,2018,ECON_GVT_HLTH_EXP_PTGDP,3.22333765
761,TON,2018,ECON_GVT_HLTH_EXP_PTEXP,7.4700675
762,TTO,2018,ECON_GVT_HLTH_EXP_PTEXP,10.95408344
763,TTO,2018,ECON_GVT_REV_PTGDP,29.65815179
764,TTO,2018,ECON_GVT_HLTH_EXP_PTGDP,3.4165163
765,TUN,2018,ECON_GVT_HLTH_EXP_PTEXP,13.63299656
766,TUN,2018,ECON_GVT_HLTH_EXP_PTGDP,4.18335724
767,TUR,2018,ECON_GVT_HLTH_EXP_PTGDP,3.1913538
768,TUR,2018,ECON_GVT_HLTH_EXP_PTEXP,9.30458641
769,TUV,2018,ECON_GVT_HLTH_EXP_PTEXP,13.74044418
770,TUV,2018,ECON_GVT_HLTH_EXP_PTGDP,15.21263409
771,TZA,2018,ECON_GVT_HLTH_EXP_PTGDP,1.55844319
772,TZA,2018,ECON_GVT_REV_PTGDP,13.66688092
773,TZA,2018,ECON_GVT_EDU_EXP_PTEXP,20.56001091
774,TZA,2018,ECON_GVT_EDU_EXP_PTGDP,3.696439981
775,TZA,2018,ECON_GVT_HLTH_EXP_PTEXP,9.43556023
776,UGA,2018,ECON_GVT_HLTH_EXP_PTGDP,1.03315341
777,UGA,2018,ECON_GVT_EDU_EXP_PTEXP,10.91701031
778,UGA,2018,ECON_GVT_EDU_EXP_PTGDP,2.130520105
779,UGA,2018,ECON_GVT_HLTH_EXP_PTEXP,5.13531923
780,UKR,2018,ECON_GVT_HLTH_EXP_PTGDP,3.70307088
781,UKR,2018,ECON_GVT_HLTH_EXP_PTEXP,8.87156963
782,URY,2018,ECON_GVT_EDU_EXP_PTEXP,15.19997025
783,URY,2018,ECON_GVT_HLTH_EXP_PTEXP,20.22088432
784,URY,2018,ECON_GVT_EDU_EXP_PTGDP,5.047589779
785,URY,2018,ECON_GVT_HLTH_EXP_PTGDP,6.71492577
786,USA,2018,ECON_SOC_PRO_EXP_PTEXP,19.9339698
787,USA,2018,ECON_GVT_HLTH_EXP_PTEXP,22.50150681
788,USA,2018,ECON_SOC_PRO_EXP_PTGDP,7.529456015
789,USA,2018,ECON_GVT_HLTH_EXP_PTGDP,8.51236343
790,UZB,2018,ECON_GVT_HLTH_EXP_PTGDP,2.01971412
791,UZB,2018,ECON_GVT_HLTH_EXP_PTEXP,7.87418985
792,VCT,2018,ECON_GVT_HLTH_EXP_PTEXP,10.08393955
793,VCT,2018,ECON_GVT_EDU_EXP_PTEXP,18.81189919
794,VCT,2018,ECON_GVT_HLTH_EXP_PTGDP,3.05141592
795,VCT,2018,ECON_GVT_EDU_EXP_PTGDP,5.693779945
796,VEN,2018,ECON_GVT_HLTH_EXP_PTGDP,1.70465469
797,VEN,2018,ECON_GVT_HLTH_EXP_PTEXP,3.68041015
798,VGB,2018,ECON_GVT_EDU_EXP_PTGDP,2.465990067
799,VNM,2018,ECON_GVT_EDU_EXP_PTEXP,14.46829987
800,VNM,2018,ECON_GVT_HLTH_EXP_PTGDP,2.69621015
801,VNM,2018,ECON_GVT_EDU_EXP_PTGDP,4.167449951
802,VNM,2018,ECON_GVT_HLTH_EXP_PTEXP,9.34860516
803,VUT,2018,ECON_GVT_HLTH_EXP_PTGDP,2.1413815
804,VUT,2018,ECON_GVT_HLTH_EXP_PTEXP,6.97319746
805,WSM,2018,ECON_GVT_HLTH_EXP_PTEXP,11.00294399
806,WSM,2018,ECON_GVT_HLTH_EXP_PTGDP,3.76377249
807,ZAF,2018,ECON_GVT_HLTH_EXP_PTEXP,13.33855534
808,ZAF,2018,ECON_GVT_HLTH_EXP_PTGDP,4.46094179
809,ZMB,2018,ECON_GVT_HLTH_EXP_PTGDP,1.92871916
810,ZMB,2018,ECON_GVT_EDU_EXP_PTEXP,17.04800987
811,ZMB,2018,ECON_GVT_EDU_EXP_PTGDP,4.618090153
812,ZMB,2018,ECON_GVT_HLTH_EXP_PTEXP,7.0448103
813,ZWE,2018,ECON_GVT_HLTH_EXP_PTGDP,1.3242476
814,ZWE,2018,ECON_GVT_EDU_EXP_PTEXP,19.0398407
815,ZWE,2018,ECON_GVT_REV_PTGDP,23.2420097
816,ZWE,2018,ECON_GVT_EXP_PTGDP,25.61874134
817,ZWE,2018,ECON_GVT_EDU_EXP_PTGDP,5.871349812
818,ZWE,2018,ECON_GVT_HLTH_EXP_PTEXP,7.55918026
819,AFG,2019,ECON_ODA_INFLOW_PTGNI,21.86177997
820,AFG,2019,ECON_ODA_INFLOW_USD,4284.419922
821,AGO,2019,ECON_ODA_INFLOW_PTGNI,0.060935262
822,AGO,2019,ECON_GVT_EXP_PTGDP,10.32928014
823,AGO,2019,ECON_ODA_INFLOW_USD,49.54000092
824,ALB,2019,ECON_ODA_INFLOW_PTGNI,0.188427138
825,ALB,2019,ECON_GVT_EXP_PTGDP,11.52394291
826,ALB,2019,ECON_GVT_REV_PTGDP,25.34319819
827,ALB,2019,ECON_ODA_INFLOW_USD,28.40999985
828,ALB,2019,ECON_SOC_PRO_EXP_PTEXP,32.54300016
829,ALB,2019,ECON_SOC_PRO_EXP_PTGDP,9.471104407
830,AND,2019,ECON_GVT_EDU_EXP_PTGDP,3.151619911
831,ARE,2019,ECON_GVT_EXP_PTGDP,13.27841895
832,ARE,2019,ECON_SOC_PRO_EXP_PTGDP,2.292002596
833,ARE,2019,ECON_GVT_REV_PTGDP,4.634254132
834,ARE,2019,ECON_SOC_PRO_EXP_PTEXP,8.117308467
835,ARG,2019,ECON_ODA_INFLOW_PTGNI,0.004267915
836,ARG,2019,ECON_GVT_EXP_PTGDP,15.771007
837,ARG,2019,ECON_ODA_INFLOW_USD,18.25
838,ARG,2019,ECON_GVT_REV_PTGDP,18.83343882
839,ARM,2019,ECON_GVT_EXP_PTGDP,12.47208949
840,ARM,2019,ECON_GVT_REV_PTGDP,23.84754295
841,ARM,2019,ECON_SOC_PRO_EXP_PTEXP,26.05214911
842,ARM,2019,ECON_ODA_INFLOW_PTGNI,3.01952404
843,ARM,2019,ECON_ODA_INFLOW_USD,419.730011
844,ARM,2019,ECON_SOC_PRO_EXP_PTGDP,6.670764203
845,ATG,2019,ECON_ODA_INFLOW_PTGNI,1.73428467
846,ATG,2019,ECON_ODA_INFLOW_USD,27.44000053
847,AUS,2019,ECON_GVT_EXP_PTGDP,19.00849089
848,AUS,2019,ECON_GVT_REV_PTGDP,25.99289182
849,AUS,2019,ECON_SOC_PRO_EXP_PTEXP,26.39786389
850,AUS,2019,ECON_SOC_PRO_EXP_PTGDP,9.519756467
851,AUT,2019,ECON_GVT_EXP_PTGDP,19.44819859
852,AUT,2019,ECON_SOC_PRO_EXP_PTGDP,20.07720633
853,AUT,2019,ECON_SOC_PRO_EXP_PTEXP,41.6180283
854,AUT,2019,ECON_GVT_REV_PTGDP,43.9957761
855,AZE,2019,ECON_ODA_INFLOW_PTGNI,0.263076454
856,AZE,2019,ECON_GVT_EXP_PTGDP,10.82724257
857,AZE,2019,ECON_ODA_INFLOW_USD,120.9800034
858,AZE,2019,ECON_SOC_PRO_EXP_PTEXP,19.85826216
859,AZE,2019,ECON_GVT_REV_PTGDP,42.84337851
860,AZE,2019,ECON_SOC_PRO_EXP_PTGDP,6.449786364
861,BDI,2019,ECON_ODA_INFLOW_PTGNI,19.50429893
862,BDI,2019,ECON_GVT_EXP_PTGDP,27.63866828
863,BDI,2019,ECON_ODA_INFLOW_USD,588.9400024
864,BEL,2019,ECON_SOC_PRO_EXP_PTGDP,19.49958253
865,BEL,2019,ECON_GVT_EXP_PTGDP,23.03444768
866,BEL,2019,ECON_SOC_PRO_EXP_PTEXP,37.20583567
867,BEL,2019,ECON_GVT_REV_PTGDP,37.87187111
868,BEN,2019,ECON_GVT_EXP_PTGDP,10.34206324
869,BEN,2019,ECON_ODA_INFLOW_PTGNI,4.226855576
870,BEN,2019,ECON_ODA_INFLOW_USD,602.210022
871,BFA,2019,ECON_ODA_INFLOW_USD,1148.810059
872,BFA,2019,ECON_GVT_REV_PTGDP,18.6554293
873,BFA,2019,ECON_GVT_EXP_PTGDP,19.01860644
874,BFA,2019,ECON_ODA_INFLOW_PTGNI,7.495593389
875,BGD,2019,ECON_GVT_EDU_EXP_PTGDP,1.326320052
876,BGD,2019,ECON_ODA_INFLOW_PTGNI,1.414482734
877,BGD,2019,ECON_ODA_INFLOW_USD,4482.600098
878,BGD,2019,ECON_GVT_EXP_PTGDP,6.271087165
879,BGD,2019,ECON_GVT_EDU_EXP_PTEXP,9.273750305
880,BGR,2019,ECON_SOC_PRO_EXP_PTGDP,11.63636525
881,BGR,2019,ECON_GVT_EXP_PTGDP,16.79017552
882,BGR,2019,ECON_SOC_PRO_EXP_PTEXP,31.78024696
883,BHS,2019,ECON_GVT_EXP_PTGDP,14.19786726
884,BHS,2019,ECON_GVT_REV_PTGDP,17.86809586
885,BIH,2019,ECON_GVT_EXP_PTGDP,19.4788404
886,BIH,2019,ECON_ODA_INFLOW_PTGNI,2.305038105
887,BIH,2019,ECON_GVT_REV_PTGDP,38.15093412
888,BIH,2019,ECON_ODA_INFLOW_USD,464.5100098
889,BLR,2019,ECON_ODA_INFLOW_PTGNI,0.349987738
890,BLR,2019,ECON_SOC_PRO_EXP_PTGDP,14.06550785
891,BLR,2019,ECON_GVT_EXP_PTGDP,15.85140623
892,BLR,2019,ECON_ODA_INFLOW_USD,214.2299957
893,BLR,2019,ECON_GVT_REV_PTGDP,30.22484119
894,BLR,2019,ECON_SOC_PRO_EXP_PTEXP,33.84374571
895,BLZ,2019,ECON_GVT_EXP_PTGDP,17.49162434
896,BLZ,2019,ECON_ODA_INFLOW_PTGNI,2.187863957
897,BLZ,2019,ECON_ODA_INFLOW_USD,37.65999985
898,BMU,2019,ECON_GVT_EXP_PTGDP,11.99468795
899,BOL,2019,ECON_ODA_INFLOW_PTGNI,1.786737957
900,BOL,2019,ECON_GVT_EXP_PTGDP,18.143092
901,BOL,2019,ECON_ODA_INFLOW_USD,716.1300049
902,BRA,2019,ECON_ODA_INFLOW_PTGNI,0.016205199
903,BRA,2019,ECON_GVT_EXP_PTGDP,20.28256559
904,BRA,2019,ECON_GVT_REV_PTGDP,29.71534948
905,BRA,2019,ECON_ODA_INFLOW_USD,290.230011
906,BRB,2019,ECON_GVT_EXP_PTGDP,11.32601747
907,BRN,2019,ECON_GVT_EXP_PTGDP,25.04039622
908,BTN,2019,ECON_GVT_EXP_PTGDP,18.29532223
909,BTN,2019,ECON_ODA_INFLOW_USD,181.4100037
910,BTN,2019,ECON_ODA_INFLOW_PTGNI,7.883966101
911,BWA,2019,ECON_ODA_INFLOW_PTGNI,0.406325749
912,BWA,2019,ECON_GVT_EXP_PTGDP,18.42865015
913,BWA,2019,ECON_GVT_REV_PTGDP,27.47653745
914,BWA,2019,ECON_ODA_INFLOW_USD,68.86000061
915,CAF,2019,ECON_GVT_EXP_PTGDP,14.9854307
916,CAF,2019,ECON_ODA_INFLOW_PTGNI,31.59440671
917,CAF,2019,ECON_ODA_INFLOW_USD,753.8499756
918,CAN,2019,ECON_SOC_PRO_EXP_PTGDP,11.20862303
919,CAN,2019,ECON_GVT_REV_PTGDP,18.83676132
920,CAN,2019,ECON_GVT_EXP_PTGDP,21.16648538
921,CAN,2019,ECON_SOC_PRO_EXP_PTEXP,29.84007211
922,CHE,2019,ECON_GVT_EXP_PTGDP,11.90403218
923,CHE,2019,ECON_SOC_PRO_EXP_PTGDP,12.90242765
924,CHE,2019,ECON_GVT_REV_PTGDP,18.36915017
925,CHE,2019,ECON_SOC_PRO_EXP_PTEXP,39.4102005
926,CHL,2019,ECON_GVT_EXP_PTGDP,14.59104328
927,CHL,2019,ECON_GVT_REV_PTGDP,21.42124446
928,CHN,2019,ECON_ODA_INFLOW_PTGNI,-0.004141338
929,CHN,2019,ECON_ODA_INFLOW_USD,-589.9799805
930,CHN,2019,ECON_GVT_EXP_PTGDP,16.77051095
931,CIV,2019,ECON_GVT_EXP_PTGDP,10.11321959
932,CIV,2019,ECON_GVT_REV_PTGDP,12.33958622
933,CIV,2019,ECON_ODA_INFLOW_USD,1201.22998
934,CIV,2019,ECON_ODA_INFLOW_PTGNI,2.108323393
935,CMR,2019,ECON_GVT_EXP_PTGDP,10.86084268
936,CMR,2019,ECON_ODA_INFLOW_USD,1335.219971
937,CMR,2019,ECON_ODA_INFLOW_PTGNI,3.489876977
938,COD,2019,ECON_ODA_INFLOW_USD,3025.530029
939,COD,2019,ECON_ODA_INFLOW_PTGNI,6.179378405
940,COD,2019,ECON_GVT_EXP_PTGDP,6.544999962
941,COG,2019,ECON_ODA_INFLOW_PTGNI,1.96408405
942,COG,2019,ECON_GVT_EXP_PTGDP,12.22939507
943,COG,2019,ECON_ODA_INFLOW_USD,187.2700043
944,COK,2019,ECON_SOC_PRO_EXP_PTEXP,10.80670977
945,COL,2019,ECON_ODA_INFLOW_PTGNI,0.287896938
946,COL,2019,ECON_GVT_EXP_PTGDP,15.43288641
947,COL,2019,ECON_GVT_REV_PTGDP,24.15708604
948,COL,2019,ECON_ODA_INFLOW_USD,902.539978
949,COM,2019,ECON_GVT_EXP_PTGDP,10.26242466
950,COM,2019,ECON_ODA_INFLOW_PTGNI,6.681542157
951,COM,2019,ECON_ODA_INFLOW_USD,78.23999786
952,CPV,2019,ECON_ODA_INFLOW_USD,152.5399933
953,CPV,2019,ECON_GVT_EXP_PTGDP,17.61331257
954,CPV,2019,ECON_ODA_INFLOW_PTGNI,7.865095889
955,CRI,2019,ECON_ODA_INFLOW_PTGNI,0.102697493
956,CRI,2019,ECON_SOC_PRO_EXP_PTGDP,10.41113617
957,CRI,2019,ECON_GVT_EXP_PTGDP,17.39080538
958,CRI,2019,ECON_GVT_REV_PTGDP,25.17925608
959,CRI,2019,ECON_SOC_PRO_EXP_PTEXP,31.26021188
960,CRI,2019,ECON_ODA_INFLOW_USD,59.75999832
961,CRI,2019,ECON_GVT_EDU_EXP_PTGDP,7.048759937
962,CUB,2019,ECON_ODA_INFLOW_USD,499.6600037
963,CYP,2019,ECON_SOC_PRO_EXP_PTGDP,12.61182025
964,CYP,2019,ECON_GVT_EXP_PTGDP,16.56131023
965,CYP,2019,ECON_SOC_PRO_EXP_PTEXP,31.04353386
966,CYP,2019,ECON_GVT_REV_PTGDP,40.24474664
967,CZE,2019,ECON_SOC_PRO_EXP_PTGDP,12.58409774
968,CZE,2019,ECON_GVT_EXP_PTGDP,19.73773751
969,CZE,2019,ECON_SOC_PRO_EXP_PTEXP,30.5012769
970,CZE,2019,ECON_GVT_REV_PTGDP,32.17933267
971,DEU,2019,ECON_SOC_PRO_EXP_PTGDP,19.74129108
972,DEU,2019,ECON_GVT_EXP_PTGDP,20.42695815
973,DEU,2019,ECON_GVT_REV_PTGDP,29.35967875
974,DEU,2019,ECON_SOC_PRO_EXP_PTEXP,43.74575962
975,DJI,2019,ECON_ODA_INFLOW_USD,272.480011
976,DJI,2019,ECON_ODA_INFLOW_PTGNI,8.433850867
977,DMA,2019,ECON_GVT_EDU_EXP_PTGDP,5.573450089
978,DMA,2019,ECON_ODA_INFLOW_USD,51.38999939
979,DMA,2019,ECON_ODA_INFLOW_PTGNI,8.963161983
980,DMA,2019,ECON_GVT_EDU_EXP_PTEXP,9.431170464
981,DNK,2019,ECON_SOC_PRO_EXP_PTGDP,21.61942046
982,DNK,2019,ECON_GVT_EXP_PTGDP,23.84719117
983,DNK,2019,ECON_GVT_REV_PTGDP,39.72330435
984,DNK,2019,ECON_SOC_PRO_EXP_PTEXP,43.51659801
985,DOM,2019,ECON_ODA_INFLOW_PTGNI,0.158788264
986,DOM,2019,ECON_GVT_EXP_PTGDP,11.06879727
987,DOM,2019,ECON_ODA_INFLOW_USD,134.4400024
988,DOM,2019,ECON_GVT_REV_PTGDP,15.45832133
989,DZA,2019,ECON_ODA_INFLOW_PTGNI,0.105290097
990,DZA,2019,ECON_GVT_EXP_PTGDP,16.94609928
991,DZA,2019,ECON_ODA_INFLOW_USD,175.7200012
992,ECU,2019,ECON_ODA_INFLOW_PTGNI,0.502886781
993,ECU,2019,ECON_GVT_EXP_PTGDP,14.50466286
994,ECU,2019,ECON_ODA_INFLOW_USD,525.0499878
995,EGY,2019,ECON_ODA_INFLOW_PTGNI,0.595923769
996,EGY,2019,ECON_ODA_INFLOW_USD,1740.589966
997,EGY,2019,ECON_GVT_EXP_PTGDP,7.660222084
998,ERI,2019,ECON_ODA_INFLOW_USD,276.9299927
999,ESP,2019,ECON_SOC_PRO_EXP_PTGDP,17.37160642
1000,ESP,2019,ECON_GVT_EXP_PTGDP,18.87389819
1001,ESP,2019,ECON_GVT_REV_PTGDP,28.03991414
1002,ESP,2019,ECON_SOC_PRO_EXP_PTEXP,41.98361286
1003,EST,2019,ECON_SOC_PRO_EXP_PTGDP,13.21019423
1004,EST,2019,ECON_GVT_EXP_PTGDP,19.85655291
1005,EST,2019,ECON_SOC_PRO_EXP_PTEXP,33.93211202
1006,EST,2019,ECON_GVT_REV_PTGDP,35.21330295
1007,ETH,2019,ECON_ODA_INFLOW_USD,4809.970215
1008,ETH,2019,ECON_ODA_INFLOW_PTGNI,5.045970256
1009,ETH,2019,ECON_GVT_REV_PTGDP,7.7882248
1010,ETH,2019,ECON_GVT_EXP_PTGDP,9.193046848
1011,FIN,2019,ECON_GVT_EXP_PTGDP,22.99630855
1012,FIN,2019,ECON_SOC_PRO_EXP_PTGDP,24.00429004
1013,FIN,2019,ECON_GVT_REV_PTGDP,36.564459
1014,FIN,2019,ECON_SOC_PRO_EXP_PTEXP,45.14223039
1015,FJI,2019,ECON_ODA_INFLOW_USD,139.0700073
1016,FJI,2019,ECON_ODA_INFLOW_PTGNI,2.756367775
1017,FJI,2019,ECON_GVT_REV_PTGDP,24.86797001
1018,FRA,2019,ECON_GVT_EXP_PTGDP,23.09564878
1019,FRA,2019,ECON_SOC_PRO_EXP_PTGDP,23.86457892
1020,FRA,2019,ECON_SOC_PRO_EXP_PTEXP,42.94985369
1021,FRA,2019,ECON_GVT_REV_PTGDP,43.4614966
1022,FSM,2019,ECON_ODA_INFLOW_USD,92.54000092
1023,GAB,2019,ECON_ODA_INFLOW_PTGNI,0.752427242
1024,GAB,2019,ECON_GVT_EXP_PTGDP,10.99339673
1025,GAB,2019,ECON_ODA_INFLOW_USD,116.7099991
1026,GAB,2019,ECON_GVT_REV_PTGDP,19.40729086
1027,GBR,2019,ECON_SOC_PRO_EXP_PTGDP,14.76612171
1028,GBR,2019,ECON_GVT_EXP_PTGDP,18.83822381
1029,GBR,2019,ECON_GVT_REV_PTGDP,35.36225254
1030,GBR,2019,ECON_SOC_PRO_EXP_PTEXP,35.99268454
1031,GEO,2019,ECON_GVT_EXP_PTGDP,12.99605097
1032,GEO,2019,ECON_ODA_INFLOW_PTGNI,2.915219813
1033,GEO,2019,ECON_GVT_REV_PTGDP,20.820807
1034,GEO,2019,ECON_SOC_PRO_EXP_PTEXP,23.37550316
1035,GEO,2019,ECON_ODA_INFLOW_USD,496.730011
1036,GEO,2019,ECON_SOC_PRO_EXP_PTGDP,6.666313729
1037,GHA,2019,ECON_ODA_INFLOW_PTGNI,1.428900489
1038,GHA,2019,ECON_GVT_REV_PTGDP,14.99182344
1039,GHA,2019,ECON_GVT_EXP_PTGDP,8.880743392
1040,GHA,2019,ECON_ODA_INFLOW_USD,936.3200073
1041,GIN,2019,ECON_GVT_EXP_PTGDP,14.81090789
1042,GIN,2019,ECON_ODA_INFLOW_PTGNI,4.767268009
1043,GIN,2019,ECON_ODA_INFLOW_USD,580.6799927
1044,GMB,2019,ECON_ODA_INFLOW_PTGNI,10.80432197
1045,GMB,2019,ECON_ODA_INFLOW_USD,194.0399933
1046,GMB,2019,ECON_GVT_EXP_PTGDP,8.186615234
1047,GNB,2019,ECON_ODA_INFLOW_USD,120.5100021
1048,GNB,2019,ECON_GVT_REV_PTGDP,13.32121688
1049,GNB,2019,ECON_ODA_INFLOW_PTGNI,8.390259429
1050,GNQ,2019,ECON_ODA_INFLOW_PTGNI,0.769155318
1051,GNQ,2019,ECON_GVT_REV_PTGDP,19.15766183
1052,GNQ,2019,ECON_GVT_EXP_PTGDP,26.04901519
1053,GNQ,2019,ECON_ODA_INFLOW_USD,64.06999969
1054,GRC,2019,ECON_SOC_PRO_EXP_PTGDP,19.34694008
1055,GRC,2019,ECON_GVT_EXP_PTGDP,19.49102173
1056,GRC,2019,ECON_SOC_PRO_EXP_PTEXP,41.75435769
1057,GRC,2019,ECON_GVT_REV_PTGDP,45.7988947
1058,GRD,2019,ECON_ODA_INFLOW_PTGNI,1.341846074
1059,GRD,2019,ECON_ODA_INFLOW_USD,14.68000031
1060,GTM,2019,ECON_ODA_INFLOW_PTGNI,0.522102673
1061,GTM,2019,ECON_GVT_EXP_PTGDP,11.07460611
1062,GTM,2019,ECON_GVT_REV_PTGDP,11.23019266
1063,GTM,2019,ECON_GVT_EDU_EXP_PTEXP,24.2130394
1064,GTM,2019,ECON_GVT_EDU_EXP_PTGDP,3.212199926
1065,GTM,2019,ECON_ODA_INFLOW_USD,393.8500061
1066,GUY,2019,ECON_ODA_INFLOW_USD,113.2699966
1067,GUY,2019,ECON_ODA_INFLOW_PTGNI,2.209215376
1068,HKG,2019,ECON_GVT_EXP_PTGDP,10.78013274
1069,HKG,2019,ECON_GVT_EDU_EXP_PTEXP,20.31459045
1070,HKG,2019,ECON_GVT_EDU_EXP_PTGDP,3.810580015
1071,HND,2019,ECON_ODA_INFLOW_PTGNI,1.973928136
1072,HND,2019,ECON_GVT_EXP_PTGDP,13.48606334
1073,HND,2019,ECON_ODA_INFLOW_USD,457.5700073
1074,HRV,2019,ECON_SOC_PRO_EXP_PTGDP,14.62943524
1075,HRV,2019,ECON_GVT_EXP_PTGDP,19.72968297
1076,HRV,2019,ECON_SOC_PRO_EXP_PTEXP,30.98174584
1077,HRV,2019,ECON_GVT_REV_PTGDP,40.29369332
1078,HTI,2019,ECON_ODA_INFLOW_PTGNI,5.05130785
1079,HTI,2019,ECON_GVT_EXP_PTGDP,7.534520834
1080,HTI,2019,ECON_ODA_INFLOW_USD,726.4699707
1081,HUN,2019,ECON_GVT_EXP_PTGDP,19.64518308
1082,HUN,2019,ECON_GVT_REV_PTGDP,37.61039167
1083,IDN,2019,ECON_ODA_INFLOW_PTGNI,-0.058022002
1084,IDN,2019,ECON_ODA_INFLOW_USD,-629.9500122
1085,IDN,2019,ECON_SOC_PRO_EXP_PTGDP,1.306597173
1086,IDN,2019,ECON_GVT_REV_PTGDP,12.34753538
1087,IDN,2019,ECON_SOC_PRO_EXP_PTEXP,7.971551388
1088,IDN,2019,ECON_GVT_EXP_PTGDP,8.752598807
1089,IND,2019,ECON_ODA_INFLOW_PTGNI,0.091996742
1090,IND,2019,ECON_GVT_EXP_PTGDP,12.02850005
1091,IND,2019,ECON_ODA_INFLOW_USD,2610.580078
1092,IRL,2019,ECON_GVT_EXP_PTGDP,11.95139598
1093,IRL,2019,ECON_GVT_REV_PTGDP,24.37458363
1094,IRL,2019,ECON_SOC_PRO_EXP_PTEXP,36.32600261
1095,IRL,2019,ECON_SOC_PRO_EXP_PTGDP,8.908908863
1096,IRN,2019,ECON_GVT_EXP_PTGDP,11.60836037
1097,IRN,2019,ECON_ODA_INFLOW_USD,210.3999939
1098,IRQ,2019,ECON_ODA_INFLOW_PTGNI,0.949393206
1099,IRQ,2019,ECON_ODA_INFLOW_USD,2211.909912
1100,IRQ,2019,ECON_GVT_EXP_PTGDP,23.64243866
1101,IRQ,2019,ECON_GVT_REV_PTGDP,38.52831098
1102,ISL,2019,ECON_SOC_PRO_EXP_PTGDP,10.79248587
1103,ISL,2019,ECON_GVT_EXP_PTGDP,24.34331578
1104,ISL,2019,ECON_SOC_PRO_EXP_PTEXP,25.48217254
1105,ISL,2019,ECON_GVT_REV_PTGDP,28.93977291
1106,ISR,2019,ECON_SOC_PRO_EXP_PTGDP,11.14611788
1107,ISR,2019,ECON_GVT_EXP_PTGDP,22.58880918
1108,ISR,2019,ECON_SOC_PRO_EXP_PTEXP,28.39301529
1109,ISR,2019,ECON_GVT_REV_PTGDP,31.1845424
1110,ITA,2019,ECON_GVT_EXP_PTGDP,18.72052307
1111,ITA,2019,ECON_SOC_PRO_EXP_PTGDP,21.18075814
1112,ITA,2019,ECON_GVT_REV_PTGDP,40.20680018
1113,ITA,2019,ECON_SOC_PRO_EXP_PTEXP,43.49755539
1114,JAM,2019,ECON_ODA_INFLOW_PTGNI,0.791724337
1115,JAM,2019,ECON_ODA_INFLOW_USD,127.0699997
1116,JAM,2019,ECON_GVT_EXP_PTGDP,13.47298248
1117,JAM,2019,ECON_GVT_EDU_EXP_PTEXP,17.31398964
1118,JAM,2019,ECON_GVT_REV_PTGDP,29.61446727
1119,JAM,2019,ECON_GVT_EDU_EXP_PTGDP,5.16918993
1120,JOR,2019,ECON_GVT_EDU_EXP_PTEXP,10.04491997
1121,JOR,2019,ECON_GVT_EXP_PTGDP,15.03135947
1122,JOR,2019,ECON_GVT_REV_PTGDP,22.04604121
1123,JOR,2019,ECON_ODA_INFLOW_USD,2797.189941
1124,JOR,2019,ECON_GVT_EDU_EXP_PTGDP,3.072530031
1125,JOR,2019,ECON_ODA_INFLOW_PTGNI,6.284356946
1126,JPN,2019,ECON_SOC_PRO_EXP_PTGDP,16.1744438
1127,JPN,2019,ECON_SOC_PRO_EXP_PTEXP,41.76630944
1128,KAZ,2019,ECON_ODA_INFLOW_PTGNI,0.034225842
1129,KAZ,2019,ECON_GVT_REV_PTGDP,14.93851668
1130,KAZ,2019,ECON_SOC_PRO_EXP_PTEXP,30.23704274
1131,KAZ,2019,ECON_SOC_PRO_EXP_PTGDP,5.908483745
1132,KAZ,2019,ECON_ODA_INFLOW_USD,54.40999985
1133,KAZ,2019,ECON_GVT_EXP_PTGDP,9.132161576
1134,KEN,2019,ECON_GVT_EXP_PTGDP,13.05287279
1135,KEN,2019,ECON_GVT_REV_PTGDP,20.07298649
1136,KEN,2019,ECON_ODA_INFLOW_PTGNI,3.474073659
1137,KEN,2019,ECON_ODA_INFLOW_USD,3250.969971
1138,KGZ,2019,ECON_SOC_PRO_EXP_PTGDP,10.41052304
1139,KGZ,2019,ECON_GVT_EXP_PTGDP,16.80863951
1140,KGZ,2019,ECON_GVT_REV_PTGDP,28.60982533
1141,KGZ,2019,ECON_SOC_PRO_EXP_PTEXP,31.03124266
1142,KGZ,2019,ECON_ODA_INFLOW_USD,448.7099915
1143,KGZ,2019,ECON_ODA_INFLOW_PTGNI,5.725664096
1144,KHM,2019,ECON_GVT_REV_PTGDP,22.79315706
1145,KHM,2019,ECON_ODA_INFLOW_PTGNI,3.855234242
1146,KHM,2019,ECON_GVT_EXP_PTGDP,4.806798236
1147,KHM,2019,ECON_ODA_INFLOW_USD,984.0700073
1148,KIR,2019,ECON_GVT_REV_PTGDP,114.7959828
1149,KIR,2019,ECON_ODA_INFLOW_PTGNI,14.84615843
1150,KIR,2019,ECON_SOC_PRO_EXP_PTEXP,2.185680175
1151,KIR,2019,ECON_SOC_PRO_EXP_PTGDP,2.221713814
1152,KIR,2019,ECON_ODA_INFLOW_USD,56.65999985
1153,KOR,2019,ECON_GVT_EXP_PTGDP,17.15938788
1154,KOR,2019,ECON_GVT_REV_PTGDP,27.95945935
1155,LAO,2019,ECON_ODA_INFLOW_PTGNI,3.558637067
1156,LAO,2019,ECON_ODA_INFLOW_USD,631.5100098
1157,LBN,2019,ECON_GVT_EXP_PTGDP,15.88588403
1158,LBN,2019,ECON_ODA_INFLOW_USD,1525.48999
1159,LBN,2019,ECON_GVT_REV_PTGDP,19.19469111
1160,LBN,2019,ECON_ODA_INFLOW_PTGNI,2.988377389
1161,LBR,2019,ECON_GVT_EXP_PTGDP,19.68198136
1162,LBR,2019,ECON_ODA_INFLOW_PTGNI,21.97938541
1163,LBR,2019,ECON_ODA_INFLOW_USD,597.3099976
1164,LBY,2019,ECON_ODA_INFLOW_PTGNI,0.596055668
1165,LBY,2019,ECON_ODA_INFLOW_USD,316.0100098
1166,LCA,2019,ECON_ODA_INFLOW_PTGNI,1.607783675
1167,LCA,2019,ECON_ODA_INFLOW_USD,32.11000061
1168,LKA,2019,ECON_ODA_INFLOW_PTGNI,0.24187856
1169,LKA,2019,ECON_GVT_REV_PTGDP,12.59244265
1170,LKA,2019,ECON_ODA_INFLOW_USD,197.3500061
1171,LKA,2019,ECON_GVT_EXP_PTGDP,9.436436742
1172,LSO,2019,ECON_ODA_INFLOW_USD,145.9799957
1173,LSO,2019,ECON_GVT_REV_PTGDP,37.01822484
1174,LSO,2019,ECON_GVT_EXP_PTGDP,39.6061677
1175,LSO,2019,ECON_ODA_INFLOW_PTGNI,5.202906915
1176,LTU,2019,ECON_SOC_PRO_EXP_PTGDP,12.36235361
1177,LTU,2019,ECON_GVT_EXP_PTGDP,16.78073224
1178,LTU,2019,ECON_GVT_REV_PTGDP,31.85182521
1179,LTU,2019,ECON_SOC_PRO_EXP_PTEXP,35.46255317
1180,LUX,2019,ECON_GVT_EXP_PTGDP,17.09522098
1181,LUX,2019,ECON_SOC_PRO_EXP_PTGDP,18.01981696
1182,LUX,2019,ECON_GVT_REV_PTGDP,41.57968589
1183,LUX,2019,ECON_SOC_PRO_EXP_PTEXP,42.68923525
1184,LVA,2019,ECON_SOC_PRO_EXP_PTGDP,12.0641144
1185,LVA,2019,ECON_GVT_EXP_PTGDP,19.06327159
1186,LVA,2019,ECON_SOC_PRO_EXP_PTEXP,31.46710195
1187,LVA,2019,ECON_GVT_REV_PTGDP,40.35523495
1188,MAC,2019,ECON_GVT_EXP_PTGDP,10.39202153
1189,MAR,2019,ECON_ODA_INFLOW_PTGNI,0.645722797
1190,MAR,2019,ECON_GVT_EXP_PTGDP,19.36872921
1191,MAR,2019,ECON_GVT_REV_PTGDP,25.50760713
1192,MAR,2019,ECON_ODA_INFLOW_USD,757.8599854
1193,MDA,2019,ECON_SOC_PRO_EXP_PTGDP,11.10834283
1194,MDA,2019,ECON_GVT_EXP_PTGDP,14.15363028
1195,MDA,2019,ECON_ODA_INFLOW_PTGNI,2.72200782
1196,MDA,2019,ECON_GVT_REV_PTGDP,27.10606453
1197,MDA,2019,ECON_ODA_INFLOW_USD,342.6900024
1198,MDA,2019,ECON_SOC_PRO_EXP_PTEXP,35.37444146
1199,MDG,2019,ECON_GVT_REV_PTGDP,11.55995963
1200,MDG,2019,ECON_GVT_EXP_PTGDP,14.25109145
1201,MDG,2019,ECON_ODA_INFLOW_PTGNI,5.56161089
1202,MDG,2019,ECON_ODA_INFLOW_USD,756.1699829
1203,MDV,2019,ECON_ODA_INFLOW_PTGNI,1.4178845
1204,MDV,2019,ECON_GVT_EXP_PTGDP,15.4376181
1205,MDV,2019,ECON_ODA_INFLOW_USD,72.08000183
1206,MEX,2019,ECON_ODA_INFLOW_PTGNI,0.043476371
1207,MEX,2019,ECON_GVT_EXP_PTGDP,11.35833301
1208,MEX,2019,ECON_GVT_REV_PTGDP,18.56149472
1209,MEX,2019,ECON_ODA_INFLOW_USD,535.789978
1210,MHL,2019,ECON_GVT_EDU_EXP_PTEXP,15.04273987
1211,MHL,2019,ECON_ODA_INFLOW_USD,65.97000122
1212,MKD,2019,ECON_ODA_INFLOW_PTGNI,1.185082644
1213,MKD,2019,ECON_GVT_EXP_PTGDP,14.03581777
1214,MKD,2019,ECON_ODA_INFLOW_USD,141.8000031
1215,MKD,2019,ECON_GVT_REV_PTGDP,28.46783131
1216,MLI,2019,ECON_ODA_INFLOW_PTGNI,11.12201813
1217,MLI,2019,ECON_GVT_REV_PTGDP,15.43439988
1218,MLI,2019,ECON_GVT_EXP_PTGDP,15.74376023
1219,MLI,2019,ECON_ODA_INFLOW_USD,1863.209961
1220,MLT,2019,ECON_SOC_PRO_EXP_PTGDP,10.84655802
1221,MLT,2019,ECON_GVT_EXP_PTGDP,17.17471661
1222,MLT,2019,ECON_SOC_PRO_EXP_PTEXP,29.13955823
1223,MLT,2019,ECON_GVT_REV_PTGDP,37.15440082
1224,MMR,2019,ECON_SOC_PRO_EXP_PTGDP,0.927318311
1225,MMR,2019,ECON_GVT_EDU_EXP_PTGDP,1.93208003
1226,MMR,2019,ECON_GVT_EDU_EXP_PTEXP,10.45750999
1227,MMR,2019,ECON_GVT_REV_PTGDP,13.90224476
1228,MMR,2019,ECON_ODA_INFLOW_PTGNI,2.837873666
1229,MMR,2019,ECON_ODA_INFLOW_USD,2079.929932
1230,MMR,2019,ECON_SOC_PRO_EXP_PTEXP,4.553362926
1231,MNE,2019,ECON_ODA_INFLOW_PTGNI,1.743078158
1232,MNE,2019,ECON_GVT_EXP_PTGDP,17.79790522
1233,MNE,2019,ECON_ODA_INFLOW_USD,96.94000244
1234,MNG,2019,ECON_GVT_EXP_PTGDP,12.11367274
1235,MNG,2019,ECON_ODA_INFLOW_PTGNI,2.531485429
1236,MNG,2019,ECON_ODA_INFLOW_USD,314.5299988
1237,MOZ,2019,ECON_ODA_INFLOW_PTGNI,12.72236527
1238,MOZ,2019,ECON_ODA_INFLOW_USD,1907.780029
1239,MOZ,2019,ECON_GVT_EXP_PTGDP,21.67153428
1240,MOZ,2019,ECON_GVT_REV_PTGDP,28.91875338
1241,MRT,2019,ECON_GVT_EDU_EXP_PTGDP,1.89546001
1242,MRT,2019,ECON_GVT_EXP_PTGDP,12.84587537
1243,MRT,2019,ECON_ODA_INFLOW_USD,412.1799927
1244,MRT,2019,ECON_ODA_INFLOW_PTGNI,5.49248916
1245,MRT,2019,ECON_GVT_EDU_EXP_PTEXP,9.545490265
1246,MUS,2019,ECON_ODA_INFLOW_PTGNI,0.14046729
1247,MUS,2019,ECON_GVT_EXP_PTGDP,15.3210514
1248,MUS,2019,ECON_GVT_EDU_EXP_PTEXP,18.67692947
1249,MUS,2019,ECON_ODA_INFLOW_USD,22.18000031
1250,MUS,2019,ECON_GVT_REV_PTGDP,22.95687704
1251,MUS,2019,ECON_SOC_PRO_EXP_PTEXP,26.46854229
1252,MUS,2019,ECON_GVT_EDU_EXP_PTGDP,4.719349861
1253,MUS,2019,ECON_SOC_PRO_EXP_PTGDP,6.825109973
1254,MWI,2019,ECON_ODA_INFLOW_USD,1206.219971
1255,MWI,2019,ECON_GVT_EXP_PTGDP,13.90670912
1256,MWI,2019,ECON_ODA_INFLOW_PTGNI,16.11499251
1257,MWI,2019,ECON_GVT_REV_PTGDP,17.895153
1258,MYS,2019,ECON_ODA_INFLOW_PTGNI,0.00168751
1259,MYS,2019,ECON_GVT_EXP_PTGDP,11.69484554
1260,MYS,2019,ECON_GVT_REV_PTGDP,17.50288323
1261,MYS,2019,ECON_GVT_EDU_EXP_PTEXP,17.93574905
1262,MYS,2019,ECON_GVT_EDU_EXP_PTGDP,4.163189888
1263,MYS,2019,ECON_ODA_INFLOW_USD,5.989999771
1264,NAM,2019,ECON_ODA_INFLOW_PTGNI,1.234833863
1265,NAM,2019,ECON_ODA_INFLOW_USD,148.4100037
1266,NAM,2019,ECON_GVT_EXP_PTGDP,25.91279421
1267,NER,2019,ECON_ODA_INFLOW_PTGNI,11.05663375
1268,NER,2019,ECON_ODA_INFLOW_USD,1490.349976
1269,NER,2019,ECON_GVT_EXP_PTGDP,17.2370468
1270,NGA,2019,ECON_ODA_INFLOW_PTGNI,0.811471776
1271,NGA,2019,ECON_ODA_INFLOW_USD,3517.320068
1272,NGA,2019,ECON_GVT_EXP_PTGDP,5.888083885
1273,NIC,2019,ECON_GVT_EXP_PTGDP,15.64499872
1274,NIC,2019,ECON_GVT_REV_PTGDP,19.11476343
1275,NIC,2019,ECON_ODA_INFLOW_PTGNI,3.228997598
1276,NIC,2019,ECON_ODA_INFLOW_USD,389.2399902
1277,NLD,2019,ECON_SOC_PRO_EXP_PTGDP,15.4398597
1278,NLD,2019,ECON_GVT_EXP_PTGDP,24.50635424
1279,NLD,2019,ECON_SOC_PRO_EXP_PTEXP,36.74340328
1280,NLD,2019,ECON_GVT_REV_PTGDP,39.41230267
1281,NOR,2019,ECON_SOC_PRO_EXP_PTGDP,19.78787725
1282,NOR,2019,ECON_GVT_EXP_PTGDP,24.4189375
1283,NOR,2019,ECON_SOC_PRO_EXP_PTEXP,38.23968822
1284,NOR,2019,ECON_GVT_REV_PTGDP,47.77179548
1285,NPL,2019,ECON_GVT_EXP_PTGDP,11.56449883
1286,NPL,2019,ECON_ODA_INFLOW_USD,1360.73999
1287,NPL,2019,ECON_GVT_REV_PTGDP,24.99289337
1288,NPL,2019,ECON_ODA_INFLOW_PTGNI,4.390104853
1289,NRU,2019,ECON_ODA_INFLOW_PTGNI,31.19680023
1290,NRU,2019,ECON_ODA_INFLOW_USD,54.33000183
1291,NZL,2019,ECON_SOC_PRO_EXP_PTGDP,10.55533297
1292,NZL,2019,ECON_SOC_PRO_EXP_PTEXP,29.2997949
1293,NZL,2019,ECON_GVT_REV_PTGDP,33.73053118
1294,OMN,2019,ECON_GVT_EXP_PTGDP,24.57010797
1295,PAK,2019,ECON_ODA_INFLOW_PTGNI,0.79627483
1296,PAK,2019,ECON_GVT_EXP_PTGDP,11.73683929
1297,PAK,2019,ECON_ODA_INFLOW_USD,2170.73999
1298,PAN,2019,ECON_ODA_INFLOW_PTGNI,0.114524068
1299,PAN,2019,ECON_GVT_EXP_PTGDP,11.91168369
1300,PAN,2019,ECON_ODA_INFLOW_USD,71.45999908
1301,PER,2019,ECON_ODA_INFLOW_PTGNI,0.220053136
1302,PER,2019,ECON_GVT_EXP_PTGDP,13.30488997
1303,PER,2019,ECON_GVT_EDU_EXP_PTEXP,17.49128914
1304,PER,2019,ECON_GVT_REV_PTGDP,19.64566318
1305,PER,2019,ECON_GVT_EDU_EXP_PTGDP,3.847290039
1306,PER,2019,ECON_ODA_INFLOW_USD,475.8999939
1307,PHL,2019,ECON_ODA_INFLOW_PTGNI,0.218548777
1308,PHL,2019,ECON_GVT_EXP_PTGDP,12.52636698
1309,PHL,2019,ECON_GVT_REV_PTGDP,16.07034803
1310,PHL,2019,ECON_ODA_INFLOW_USD,905.3800049
1311,PLW,2019,ECON_ODA_INFLOW_USD,24.94000053
1312,PLW,2019,ECON_GVT_REV_PTGDP,28.39075958
1313,PLW,2019,ECON_ODA_INFLOW_PTGNI,8.71410486
1314,PNG,2019,ECON_GVT_REV_PTGDP,14.15417997
1315,PNG,2019,ECON_ODA_INFLOW_PTGNI,2.806317703
1316,PNG,2019,ECON_ODA_INFLOW_USD,667.3499756
1317,POL,2019,ECON_SOC_PRO_EXP_PTGDP,16.8240733
1318,POL,2019,ECON_GVT_EXP_PTGDP,18.00193029
1319,POL,2019,ECON_GVT_REV_PTGDP,34.5102892
1320,POL,2019,ECON_SOC_PRO_EXP_PTEXP,39.97269663
1321,PRI,2019,ECON_GVT_EXP_PTGDP,8.738758303
1322,PRK,2019,ECON_ODA_INFLOW_USD,151.2899933
1323,PRT,2019,ECON_GVT_EXP_PTGDP,16.88119327
1324,PRT,2019,ECON_SOC_PRO_EXP_PTGDP,17.01928875
1325,PRT,2019,ECON_GVT_REV_PTGDP,37.42694006
1326,PRT,2019,ECON_SOC_PRO_EXP_PTEXP,39.72303167
1327,PRY,2019,ECON_ODA_INFLOW_PTGNI,0.352562515
1328,PRY,2019,ECON_GVT_EXP_PTGDP,11.77434448
1329,PRY,2019,ECON_ODA_INFLOW_USD,129.8800049
1330,PRY,2019,ECON_GVT_REV_PTGDP,17.44494797
1331,PSE,2019,ECON_GVT_EXP_PTGDP,20.18090476
1332,PSE,2019,ECON_ODA_INFLOW_USD,2234.330078
1333,QAT,2019,ECON_GVT_EXP_PTGDP,18.51963151
1334,QAT,2019,ECON_GVT_EDU_EXP_PTGDP,2.695349932
1335,QAT,2019,ECON_GVT_EDU_EXP_PTEXP,8.577349663
1336,ROU,2019,ECON_GVT_EXP_PTGDP,17.33318978
1337,ROU,2019,ECON_GVT_REV_PTGDP,29.70687388
1338,RUS,2019,ECON_SOC_PRO_EXP_PTGDP,11.95224645
1339,RUS,2019,ECON_GVT_EXP_PTGDP,18.30296576
1340,RUS,2019,ECON_GVT_REV_PTGDP,27.37112537
1341,RUS,2019,ECON_SOC_PRO_EXP_PTEXP,31.55450695
1342,RWA,2019,ECON_ODA_INFLOW_PTGNI,11.89654865
1343,RWA,2019,ECON_ODA_INFLOW_USD,1191.099976
1344,RWA,2019,ECON_GVT_EXP_PTGDP,15.80100776
1345,RWA,2019,ECON_GVT_REV_PTGDP,20.72834214
1346,SAU,2019,ECON_GVT_EXP_PTGDP,23.84868471
1347,SAU,2019,ECON_GVT_REV_PTGDP,31.17859547
1348,SDN,2019,ECON_ODA_INFLOW_USD,1624.670044
1349,SDN,2019,ECON_GVT_EXP_PTGDP,3.637864266
1350,SDN,2019,ECON_ODA_INFLOW_PTGNI,5.623123935
1351,SEN,2019,ECON_GVT_EXP_PTGDP,13.63249677
1352,SEN,2019,ECON_ODA_INFLOW_USD,1443.880005
1353,SEN,2019,ECON_ODA_INFLOW_PTGNI,6.25485408
1354,SGP,2019,ECON_SOC_PRO_EXP_PTGDP,0.89205692
1355,SGP,2019,ECON_GVT_EXP_PTGDP,10.25289828
1356,SGP,2019,ECON_GVT_REV_PTGDP,21.17200434
1357,SGP,2019,ECON_SOC_PRO_EXP_PTEXP,5.585532408
1358,SLB,2019,ECON_ODA_INFLOW_PTGNI,14.22861393
1359,SLB,2019,ECON_ODA_INFLOW_USD,223.8899994
1360,SLB,2019,ECON_GVT_REV_PTGDP,26.3117492
1361,SLE,2019,ECON_ODA_INFLOW_PTGNI,14.6091218
1362,SLE,2019,ECON_GVT_EDU_EXP_PTEXP,33.8590889
1363,SLE,2019,ECON_ODA_INFLOW_USD,594.6400146
1364,SLE,2019,ECON_GVT_EDU_EXP_PTGDP,7.702280045
1365,SLE,2019,ECON_GVT_EXP_PTGDP,8.37407357
1366,SLV,2019,ECON_ODA_INFLOW_PTGNI,1.188498176
1367,SLV,2019,ECON_GVT_EXP_PTGDP,15.95828535
1368,SLV,2019,ECON_SOC_PRO_EXP_PTEXP,16.78269907
1369,SLV,2019,ECON_GVT_REV_PTGDP,23.97619182
1370,SLV,2019,ECON_ODA_INFLOW_USD,305.6400146
1371,SLV,2019,ECON_SOC_PRO_EXP_PTGDP,4.362267761
1372,SMR,2019,ECON_SOC_PRO_EXP_PTGDP,18.37417316
1373,SMR,2019,ECON_SOC_PRO_EXP_PTEXP,41.21614001
1374,SOM,2019,ECON_GVT_REV_PTGDP,0.000185615
1375,SOM,2019,ECON_GVT_EXP_PTGDP,11.94221771
1376,SOM,2019,ECON_ODA_INFLOW_USD,1865.579956
1377,SRB,2019,ECON_ODA_INFLOW_PTGNI,1.171888461
1378,SRB,2019,ECON_GVT_EXP_PTGDP,16.64561632
1379,SRB,2019,ECON_GVT_REV_PTGDP,41.11484499
1380,SRB,2019,ECON_ODA_INFLOW_USD,570.7000122
1381,SSD,2019,ECON_ODA_INFLOW_USD,1885.27002
1382,STP,2019,ECON_ODA_INFLOW_PTGNI,12.32112287
1383,STP,2019,ECON_ODA_INFLOW_USD,51.36999893
1384,SUR,2019,ECON_ODA_INFLOW_PTGNI,0.712637051
1385,SUR,2019,ECON_ODA_INFLOW_USD,23.37999916
1386,SVK,2019,ECON_SOC_PRO_EXP_PTGDP,14.31746118
1387,SVK,2019,ECON_GVT_EXP_PTGDP,19.67437083
1388,SVK,2019,ECON_SOC_PRO_EXP_PTEXP,33.60529271
1389,SVK,2019,ECON_GVT_REV_PTGDP,38.99364191
1390,SVN,2019,ECON_SOC_PRO_EXP_PTGDP,16.60961201
1391,SVN,2019,ECON_GVT_EXP_PTGDP,18.40249133
1392,SVN,2019,ECON_SOC_PRO_EXP_PTEXP,38.05570921
1393,SVN,2019,ECON_GVT_REV_PTGDP,38.83865101
1394,SWE,2019,ECON_SOC_PRO_EXP_PTGDP,19.05583929
1395,SWE,2019,ECON_GVT_EXP_PTGDP,25.85350164
1396,SWE,2019,ECON_GVT_REV_PTGDP,32.91492118
1397,SWE,2019,ECON_SOC_PRO_EXP_PTEXP,38.65174857
1398,SWZ,2019,ECON_ODA_INFLOW_PTGNI,1.826460293
1399,SWZ,2019,ECON_GVT_EXP_PTGDP,20.71923988
1400,SWZ,2019,ECON_ODA_INFLOW_USD,73.40000153
1401,SYC,2019,ECON_GVT_EXP_PTGDP,21.42497859
1402,SYR,2019,ECON_ODA_INFLOW_USD,10249.80957
1403,TCD,2019,ECON_GVT_EXP_PTGDP,3.587512578
1404,TCD,2019,ECON_ODA_INFLOW_PTGNI,6.346378933
1405,TCD,2019,ECON_ODA_INFLOW_USD,707.0499878
1406,TGO,2019,ECON_GVT_EXP_PTGDP,15.98858621
1407,TGO,2019,ECON_GVT_REV_PTGDP,19.41340615
1408,TGO,2019,ECON_ODA_INFLOW_USD,411.6199951
1409,TGO,2019,ECON_ODA_INFLOW_PTGNI,7.469107368
1410,THA,2019,ECON_ODA_INFLOW_PTGNI,-0.064581511
1411,THA,2019,ECON_ODA_INFLOW_USD,-338.2000122
1412,THA,2019,ECON_SOC_PRO_EXP_PTEXP,15.00873244
1413,THA,2019,ECON_GVT_EXP_PTGDP,16.13414071
1414,THA,2019,ECON_GVT_REV_PTGDP,19.29012136
1415,THA,2019,ECON_SOC_PRO_EXP_PTGDP,3.075906461
1416,TJK,2019,ECON_ODA_INFLOW_PTGNI,3.880116273
1417,TJK,2019,ECON_ODA_INFLOW_USD,366.5599976
1418,TKM,2019,ECON_GVT_EDU_EXP_PTEXP,22.84321022
1419,TKM,2019,ECON_ODA_INFLOW_USD,25.36000061
1420,TLS,2019,ECON_ODA_INFLOW_USD,235.9299927
1421,TLS,2019,ECON_GVT_EXP_PTGDP,47.41543157
1422,TLS,2019,ECON_GVT_REV_PTGDP,67.96462129
1423,TLS,2019,ECON_ODA_INFLOW_PTGNI,8.735040791
1424,TON,2019,ECON_ODA_INFLOW_USD,107.9499969
1425,TON,2019,ECON_ODA_INFLOW_PTGNI,20.07776599
1426,TUN,2019,ECON_ODA_INFLOW_PTGNI,2.625561788
1427,TUN,2019,ECON_GVT_EXP_PTGDP,20.51965392
1428,TUN,2019,ECON_ODA_INFLOW_USD,984.0300293
1429,TUR,2019,ECON_ODA_INFLOW_PTGNI,0.110191999
1430,TUR,2019,ECON_SOC_PRO_EXP_PTGDP,10.62894618
1431,TUR,2019,ECON_GVT_EXP_PTGDP,15.52729281
1432,TUR,2019,ECON_SOC_PRO_EXP_PTEXP,30.58380501
1433,TUR,2019,ECON_GVT_REV_PTGDP,30.61693901
1434,TUR,2019,ECON_ODA_INFLOW_USD,824.9099731
1435,TUV,2019,ECON_ODA_INFLOW_USD,36.47999954
1436,TUV,2019,ECON_ODA_INFLOW_PTGNI,55.84261642
1437,TZA,2019,ECON_ODA_INFLOW_USD,2153.139893
1438,TZA,2019,ECON_ODA_INFLOW_PTGNI,3.496610556
1439,UGA,2019,ECON_SOC_PRO_EXP_PTGDP,0.233819746
1440,UGA,2019,ECON_SOC_PRO_EXP_PTEXP,1.457812132
1441,UGA,2019,ECON_GVT_REV_PTGDP,13.16385594
1442,UGA,2019,ECON_ODA_INFLOW_USD,2100.01001
1443,UGA,2019,ECON_ODA_INFLOW_PTGNI,6.131556805
1444,UGA,2019,ECON_GVT_EXP_PTGDP,8.820223818
1445,UKR,2019,ECON_ODA_INFLOW_PTGNI,0.724292274
1446,UKR,2019,ECON_ODA_INFLOW_USD,1148.25
1447,UKR,2019,ECON_SOC_PRO_EXP_PTGDP,15.05368202
1448,UKR,2019,ECON_GVT_EXP_PTGDP,19.91592034
1449,UKR,2019,ECON_GVT_REV_PTGDP,31.88696169
1450,UKR,2019,ECON_SOC_PRO_EXP_PTEXP,36.4271381
1451,URY,2019,ECON_GVT_EXP_PTGDP,15.00295762
1452,URY,2019,ECON_GVT_REV_PTGDP,34.01620848
1453,USA,2019,ECON_GVT_EXP_PTGDP,13.97389268
1454,USA,2019,ECON_GVT_REV_PTGDP,17.45472333
1455,UZB,2019,ECON_ODA_INFLOW_PTGNI,1.966929226
1456,UZB,2019,ECON_ODA_INFLOW_USD,1156.449951
1457,UZB,2019,ECON_GVT_EXP_PTGDP,16.38434106
1458,UZB,2019,ECON_GVT_REV_PTGDP,20.97820488
1459,UZB,2019,ECON_SOC_PRO_EXP_PTEXP,23.69572783
1460,UZB,2019,ECON_SOC_PRO_EXP_PTGDP,6.482862267
1461,VCT,2019,ECON_ODA_INFLOW_PTGNI,10.32596523
1462,VCT,2019,ECON_ODA_INFLOW_USD,84.48000336
1463,VEN,2019,ECON_ODA_INFLOW_USD,284
1464,VNM,2019,ECON_ODA_INFLOW_PTGNI,0.4436707
1465,VNM,2019,ECON_ODA_INFLOW_USD,1094.630005
1466,VNM,2019,ECON_GVT_EXP_PTGDP,6.460634703
1467,VUT,2019,ECON_ODA_INFLOW_PTGNI,13.84624523
1468,VUT,2019,ECON_ODA_INFLOW_USD,130.5899963
1469,VUT,2019,ECON_GVT_REV_PTGDP,31.45452726
1470,WSM,2019,ECON_ODA_INFLOW_USD,123.7200012
1471,WSM,2019,ECON_ODA_INFLOW_PTGNI,15.18173012
1472,XKX,2019,ECON_GVT_EXP_PTGDP,14.15277412
1473,XKX,2019,ECON_SOC_PRO_EXP_PTEXP,22.51952447
1474,XKX,2019,ECON_ODA_INFLOW_USD,345.2600098
1475,XKX,2019,ECON_ODA_INFLOW_PTGNI,4.259338649
1476,XKX,2019,ECON_SOC_PRO_EXP_PTGDP,5.633006145
1477,YEM,2019,ECON_ODA_INFLOW_PTGNI,19.48071004
1478,YEM,2019,ECON_ODA_INFLOW_USD,4396.52002
1479,ZAF,2019,ECON_ODA_INFLOW_PTGNI,0.284455151
1480,ZAF,2019,ECON_SOC_PRO_EXP_PTEXP,13.53207507
1481,ZAF,2019,ECON_GVT_EDU_EXP_PTEXP,19.45059013
1482,ZAF,2019,ECON_GVT_EXP_PTGDP,21.2957369
1483,ZAF,2019,ECON_GVT_REV_PTGDP,32.40507029
1484,ZAF,2019,ECON_SOC_PRO_EXP_PTGDP,6.006064613
1485,ZAF,2019,ECON_GVT_EDU_EXP_PTGDP,6.505050182
1486,ZAF,2019,ECON_ODA_INFLOW_USD,971.4799805
1487,ZMB,2019,ECON_GVT_EXP_PTGDP,17.68419932
1488,ZMB,2019,ECON_GVT_REV_PTGDP,19.5960868
1489,ZMB,2019,ECON_ODA_INFLOW_PTGNI,4.26152446
1490,ZMB,2019,ECON_ODA_INFLOW_USD,976.2800293
1491,ZWE,2019,ECON_ODA_INFLOW_PTGNI,4.91478904
1492,ZWE,2019,ECON_ODA_INFLOW_USD,974.8900146
1493,UNICEF_EAP,2021,ECON_ODA_INFLOW_PTGNI,0.16
1494,UNICEF_EAP,2021,ECON_GVT_EXP_PTGDP,15.3
1495,UNICEF_EAP,2021,ECON_GVT_REV_PTGDP,16.56
1496,UNICEF_EAP,2021,ECON_SOC_PRO_EXP_PTEXP,23.72
1497,UNICEF_EAP,2021,ECON_GVT_HLTH_EXP_PTGDP,3.08
1498,UNICEF_EAP,2021,ECON_SOC_PRO_EXP_PTGDP,7.32
1499,UNICEF_EAP,2021,ECON_GVT_HLTH_EXP_PTEXP,9.83
1500,UNICEF_ECA,2021,ECON_GVT_EDU_EXP_PTEXP,12.34
1501,UNICEF_ECA,2021,ECON_GVT_HLTH_EXP_PTEXP,12.78
1502,UNICEF_ECA,2021,ECON_SOC_PRO_EXP_PTGDP,15.35
1503,UNICEF_ECA,2021,ECON_GVT_EXP_PTGDP,18.52
1504,UNICEF_ECA,2021,ECON_GVT_REV_PTGDP,32.52
1505,UNICEF_ECA,2021,ECON_SOC_PRO_EXP_PTEXP,36.33
1506,UNICEF_ECA,2021,ECON_GVT_EDU_EXP_PTGDP,4.79
1507,UNICEF_ECA,2021,ECON_GVT_HLTH_EXP_PTGDP,5.27
1508,UNICEF_EECA,2021,ECON_ODA_INFLOW_PTGNI,0.96
1509,UNICEF_EECA,2021,ECON_SOC_PRO_EXP_PTGDP,11.2
1510,UNICEF_EECA,2021,ECON_GVT_EDU_EXP_PTEXP,13.99
1511,UNICEF_EECA,2021,ECON_GVT_EXP_PTGDP,16.74
1512,UNICEF_EECA,2021,ECON_GVT_REV_PTGDP,28.61
1513,UNICEF_EECA,2021,ECON_GVT_HLTH_EXP_PTGDP,3.16
1514,UNICEF_EECA,2021,ECON_SOC_PRO_EXP_PTEXP,31.03
1515,UNICEF_EECA,2021,ECON_GVT_EDU_EXP_PTGDP,4.5
1516,UNICEF_EECA,2021,ECON_GVT_HLTH_EXP_PTEXP,9.47
1517,UNICEF_ESA,2021,ECON_GVT_HLTH_EXP_PTGDP,1.77
1518,UNICEF_ESA,2021,ECON_GVT_EXP_PTGDP,13.08
1519,UNICEF_ESA,2021,ECON_GVT_REV_PTGDP,16.38
1520,UNICEF_ESA,2021,ECON_GVT_EDU_EXP_PTEXP,19.54
1521,UNICEF_ESA,2021,ECON_GVT_EDU_EXP_PTGDP,4.54
1522,UNICEF_ESA,2021,ECON_ODA_INFLOW_PTGNI,5.48
1523,UNICEF_ESA,2021,ECON_GVT_HLTH_EXP_PTEXP,7.6
1524,UNICEF_LAC,2021,ECON_ODA_INFLOW_PTGNI,0.34
1525,UNICEF_LAC,2021,ECON_GVT_HLTH_EXP_PTEXP,12.38
1526,UNICEF_LAC,2021,ECON_GVT_EXP_PTGDP,15.98
1527,UNICEF_LAC,2021,ECON_GVT_EDU_EXP_PTEXP,16.91
1528,UNICEF_LAC,2021,ECON_GVT_REV_PTGDP,23.55
1529,UNICEF_LAC,2021,ECON_GVT_HLTH_EXP_PTGDP,3.86
1530,UNICEF_LAC,2021,ECON_GVT_EDU_EXP_PTGDP,5.21
1531,UNICEF_MENA,2021,ECON_GVT_EXP_PTGDP,15.24
1532,UNICEF_MENA,2021,ECON_ODA_INFLOW_PTGNI,2.32
1533,UNICEF_MENA,2021,ECON_GVT_HLTH_EXP_PTGDP,2.75
1534,UNICEF_MENA,2021,ECON_GVT_REV_PTGDP,25.8
1535,UNICEF_MENA,2021,ECON_GVT_HLTH_EXP_PTEXP,9.96
1536,UNICEF_NA,2021,ECON_ODA_OUTFLOW_PTGNI,0.19
1537,UNICEF_NA,2021,ECON_GVT_EXP_PTGDP,14.7
1538,UNICEF_NA,2021,ECON_GVT_REV_PTGDP,17.59
1539,UNICEF_NA,2021,ECON_SOC_PRO_EXP_PTEXP,20.93
1540,UNICEF_NA,2021,ECON_GVT_HLTH_EXP_PTEXP,22.2
1541,UNICEF_NA,2021,ECON_GVT_EDU_EXP_PTGDP,4.99
1542,UNICEF_NA,2021,ECON_SOC_PRO_EXP_PTGDP,7.9
1543,UNICEF_NA,2021,ECON_GVT_HLTH_EXP_PTGDP,8.45
1544,UNICEF_SA,2021,ECON_ODA_INFLOW_PTGNI,0.79
1545,UNICEF_SA,2021,ECON_GVT_HLTH_EXP_PTGDP,0.93
1546,UNICEF_SA,2021,ECON_GVT_EXP_PTGDP,11.43
1547,UNICEF_SA,2021,ECON_GVT_REV_PTGDP,13.04
1548,UNICEF_SA,2021,ECON_GVT_EDU_EXP_PTEXP,13.68
1549,UNICEF_SA,2021,ECON_GVT_EDU_EXP_PTGDP,3.52
1550,UNICEF_SA,2021,ECON_GVT_HLTH_EXP_PTEXP,3.62
1551,UNICEF_SSA,2021,ECON_GVT_HLTH_EXP_PTGDP,1.33
1552,UNICEF_SSA,2021,ECON_GVT_EXP_PTGDP,11.15
1553,UNICEF_SSA,2021,ECON_GVT_REV_PTGDP,16.33
1554,UNICEF_SSA,2021,ECON_GVT_EDU_EXP_PTEXP,18.49
1555,UNICEF_SSA,2021,ECON_GVT_EDU_EXP_PTGDP,3.96
1556,UNICEF_SSA,2021,ECON_ODA_INFLOW_PTGNI,4.95
1557,UNICEF_SSA,2021,ECON_GVT_HLTH_EXP_PTEXP,6.26
1558,UNICEF_WCA,2021,ECON_GVT_HLTH_EXP_PTGDP,0.86
1559,UNICEF_WCA,2021,ECON_GVT_EDU_EXP_PTEXP,16.96
1560,UNICEF_WCA,2021,ECON_GVT_EDU_EXP_PTGDP,3.12
1561,UNICEF_WCA,2021,ECON_ODA_INFLOW_PTGNI,4.39
1562,UNICEF_WCA,2021,ECON_GVT_HLTH_EXP_PTEXP,4.84
1563,UNICEF_WCA,2021,ECON_GVT_EXP_PTGDP,9.06
1564,UNICEF_WE,2021,ECON_ODA_OUTFLOW_PTGNI,0.46
1565,UNICEF_WE,2021,ECON_GVT_EDU_EXP_PTEXP,11.22
1566,UNICEF_WE,2021,ECON_GVT_HLTH_EXP_PTEXP,15.58
1567,UNICEF_WE,2021,ECON_SOC_PRO_EXP_PTGDP,18.5
1568,UNICEF_WE,2021,ECON_GVT_EXP_PTGDP,20.02
1569,UNICEF_WE,2021,ECON_GVT_REV_PTGDP,35.71
1570,UNICEF_WE,2021,ECON_GVT_EDU_EXP_PTGDP,4.99
1571,UNICEF_WE,2021,ECON_SOC_PRO_EXP_PTEXP,40.37
1572,UNICEF_WE,2021,ECON_GVT_HLTH_EXP_PTGDP,7.06
1573,UNSDG_LDC,2021,ECON_GVT_HLTH_EXP_PTGDP,1.01
1574,UNSDG_LDC,2021,ECON_GVT_EXP_PTGDP,10.76
1575,UNSDG_LDC,2021,ECON_GVT_REV_PTGDP,13.63
1576,UNSDG_LDC,2021,ECON_GVT_EDU_EXP_PTEXP,15.65
1577,UNSDG_LDC,2021,ECON_GVT_EDU_EXP_PTGDP,3.09
1578,UNSDG_LDC,2021,ECON_GVT_HLTH_EXP_PTEXP,5.09
1579,UNSDG_LDC,2021,ECON_ODA_INFLOW_PTGNI,6.68
1580,WORLD,2021,ECON_ODA_INFLOW_PTGNI,1.3
1581,WORLD,2021,ECON_GVT_EXP_PTGDP,14.24
1582,WORLD,2021,ECON_GVT_EDU_EXP_PTEXP,14.99
1583,WORLD,2021,ECON_GVT_REV_PTGDP,18.96
1584,WORLD,2021,ECON_GVT_HLTH_EXP_PTGDP,2.91
1585,WORLD,2021,ECON_SOC_PRO_EXP_PTEXP,25.95
1586,WORLD,2021,ECON_GVT_EDU_EXP_PTGDP,4.1
1587,WORLD,2021,ECON_GVT_HLTH_EXP_PTEXP,9.05
1588,WORLD,2021,ECON_SOC_PRO_EXP_PTGDP,9.23
